[2024-12-05 22:46:33] Data: 31/08/2024 - Empresa: 42 - Erro: DPI-1080: connection was closed by ORA-3113
--------------------------------------------------------------------------------
[2024-12-10 13:50:07] Data: 10/12/2024 - Empresa: 51 - Erro: ORA-29283: invalid file operation: nonexistent file or path [29434]
ORA-06512: at "SYS.UTL_FILE", line 536
ORA-06512: at "SYS.UTL_FILE", line 41
ORA-06512: at "SYS.UTL_FILE", line 478
ORA-06512: at "CONSINCO.ESP_PKG_EDI_REDEBRASIL", line 549
ORA-06512: at "CONSINCO.ESP_PKG_EDI_REDEBRASIL", line 549
ORA-06512: at line 1
--------------------------------------------------------------------------------
[2024-12-10 13:52:22] Data: 10/12/2024 - Empresa: 2 - Erro: ORA-12537: TNS:connection closed
--------------------------------------------------------------------------------
[2024-12-10 13:52:22] Data: 10/12/2024 - Empresa: 25 - Erro: ORA-12537: TNS:connection closed
--------------------------------------------------------------------------------
[2024-12-10 13:52:50] Data: 10/12/2024 - Empresa: 9 - Erro: ORA-04036: PGA memory used by the instance exceeds PGA_AGGREGATE_LIMIT
ORA-06512: at "CONSINCO.ESP_PKG_EDI_REDEBRASIL", line 339
ORA-06512: at "CONSINCO.ESP_PKG_EDI_REDEBRASIL", line 339
ORA-06512: at "CONSINCO.ESP_PKG_EDI_REDEBRASIL", line 495
ORA-06512: at "CONSINCO.ESP_PKG_EDI_REDEBRASIL", line 495
ORA-06512: at line 1
--------------------------------------------------------------------------------
[2024-12-10 13:52:53] Data: 10/12/2024 - Empresa: 48 - Erro: ORA-04036: PGA memory used by the instance exceeds PGA_AGGREGATE_LIMIT
ORA-06512: at "CONSINCO.ESP_PKG_EDI_REDEBRASIL", line 339
ORA-06512: at "CONSINCO.ESP_PKG_EDI_REDEBRASIL", line 339
ORA-06512: at "CONSINCO.ESP_PKG_EDI_REDEBRASIL", line 495
ORA-06512: at "CONSINCO.ESP_PKG_EDI_REDEBRASIL", line 495
ORA-06512: at line 1
--------------------------------------------------------------------------------
[2024-12-10 13:52:53] Data: 10/12/2024 - Empresa: 15 - Erro: ORA-04036: PGA memory used by the instance exceeds PGA_AGGREGATE_LIMIT
ORA-06512: at "CONSINCO.ESP_PKG_EDI_REDEBRASIL", line 339
ORA-06512: at "CONSINCO.ESP_PKG_EDI_REDEBRASIL", line 339
ORA-06512: at "CONSINCO.ESP_PKG_EDI_REDEBRASIL", line 495
ORA-06512: at "CONSINCO.ESP_PKG_EDI_REDEBRASIL", line 495
ORA-06512: at line 1
--------------------------------------------------------------------------------
[2024-12-10 13:52:53] Data: 10/12/2024 - Empresa: 50 - Erro: ORA-04036: PGA memory used by the instance exceeds PGA_AGGREGATE_LIMIT
ORA-06512: at "CONSINCO.ESP_PKG_EDI_REDEBRASIL", line 339
ORA-06512: at "CONSINCO.ESP_PKG_EDI_REDEBRASIL", line 339
ORA-06512: at "CONSINCO.ESP_PKG_EDI_REDEBRASIL", line 495
ORA-06512: at "CONSINCO.ESP_PKG_EDI_REDEBRASIL", line 495
ORA-06512: at line 1
--------------------------------------------------------------------------------
[2024-12-10 13:52:56] Data: 10/12/2024 - Empresa: 17 - Erro: ORA-04036: PGA memory used by the instance exceeds PGA_AGGREGATE_LIMIT
ORA-06512: at "CONSINCO.ESP_PKG_EDI_REDEBRASIL", line 339
ORA-06512: at "CONSINCO.ESP_PKG_EDI_REDEBRASIL", line 339
ORA-06512: at "CONSINCO.ESP_PKG_EDI_REDEBRASIL", line 495
ORA-06512: at "CONSINCO.ESP_PKG_EDI_REDEBRASIL", line 495
ORA-06512: at line 1
--------------------------------------------------------------------------------
[2024-12-10 13:52:56] Data: 10/12/2024 - Empresa: 40 - Erro: ORA-04036: PGA memory used by the instance exceeds PGA_AGGREGATE_LIMIT
ORA-06512: at "CONSINCO.ESP_PKG_EDI_REDEBRASIL", line 339
ORA-06512: at "CONSINCO.ESP_PKG_EDI_REDEBRASIL", line 339
ORA-06512: at "CONSINCO.ESP_PKG_EDI_REDEBRASIL", line 495
ORA-06512: at "CONSINCO.ESP_PKG_EDI_REDEBRASIL", line 495
ORA-06512: at line 1
--------------------------------------------------------------------------------
[2024-12-10 13:53:08] Data: 10/12/2024 - Empresa: 47 - Erro: ORA-04036: PGA memory used by the instance exceeds PGA_AGGREGATE_LIMIT
ORA-06512: at "CONSINCO.FBUSCAJUSTIFICATIVAITEM", line 10
ORA-06512: at "CONSINCO.ESP_PKG_EDI_REDEBRASIL", line 339
ORA-06512: at "CONSINCO.ESP_PKG_EDI_REDEBRASIL", line 339
ORA-06512: at "CONSINCO.ESP_PKG_EDI_REDEBRASIL", line 495
ORA-06512: at "CONSINCO.ESP_PKG_EDI_REDEBRASIL", line 495
ORA-06512: at line 1
--------------------------------------------------------------------------------
[2024-12-10 13:53:08] Data: 10/12/2024 - Empresa: 4 - Erro: ORA-04036: PGA memory used by the instance exceeds PGA_AGGREGATE_LIMIT
ORA-06512: at "CONSINCO.ESP_PKG_EDI_REDEBRASIL", line 339
ORA-06512: at "CONSINCO.ESP_PKG_EDI_REDEBRASIL", line 339
ORA-06512: at "CONSINCO.ESP_PKG_EDI_REDEBRASIL", line 495
ORA-06512: at "CONSINCO.ESP_PKG_EDI_REDEBRASIL", line 495
ORA-06512: at line 1
--------------------------------------------------------------------------------
[2024-12-10 13:53:15] Data: 10/12/2024 - Empresa: 51 - Erro: ORA-29283: invalid file operation: cannot open file [29435]
ORA-06512: at "SYS.UTL_FILE", line 536
ORA-06512: at "SYS.UTL_FILE", line 41
ORA-06512: at "SYS.UTL_FILE", line 478
ORA-06512: at "CONSINCO.ESP_PKG_EDI_REDEBRASIL", line 549
ORA-06512: at "CONSINCO.ESP_PKG_EDI_REDEBRASIL", line 549
ORA-06512: at line 1
--------------------------------------------------------------------------------
[2024-12-10 13:53:17] Data: 10/12/2024 - Empresa: 52 - Erro: ORA-04036: PGA memory used by the instance exceeds PGA_AGGREGATE_LIMIT
ORA-06512: at "CONSINCO.ESP_PKG_EDI_REDEBRASIL", line 339
ORA-06512: at "CONSINCO.ESP_PKG_EDI_REDEBRASIL", line 339
ORA-06512: at "CONSINCO.ESP_PKG_EDI_REDEBRASIL", line 495
ORA-06512: at "CONSINCO.ESP_PKG_EDI_REDEBRASIL", line 495
ORA-06512: at line 1
--------------------------------------------------------------------------------
[2024-12-10 13:53:17] Data: 10/12/2024 - Empresa: 27 - Erro: ORA-04036: PGA memory used by the instance exceeds PGA_AGGREGATE_LIMIT
ORA-06512: at "CONSINCO.ESP_PKG_EDI_REDEBRASIL", line 339
ORA-06512: at "CONSINCO.ESP_PKG_EDI_REDEBRASIL", line 339
ORA-06512: at "CONSINCO.ESP_PKG_EDI_REDEBRASIL", line 495
ORA-06512: at "CONSINCO.ESP_PKG_EDI_REDEBRASIL", line 495
ORA-06512: at line 1
--------------------------------------------------------------------------------
[2024-12-10 13:53:17] Data: 10/12/2024 - Empresa: 28 - Erro: ORA-04036: PGA memory used by the instance exceeds PGA_AGGREGATE_LIMIT
ORA-06512: at "CONSINCO.ESP_PKG_EDI_REDEBRASIL", line 339
ORA-06512: at "CONSINCO.ESP_PKG_EDI_REDEBRASIL", line 339
ORA-06512: at "CONSINCO.ESP_PKG_EDI_REDEBRASIL", line 495
ORA-06512: at "CONSINCO.ESP_PKG_EDI_REDEBRASIL", line 495
ORA-06512: at line 1
--------------------------------------------------------------------------------
[2024-12-10 13:53:33] Data: 10/12/2024 - Empresa: 1 - Erro: ORA-29283: invalid file operation: cannot open file [29435]
ORA-06512: at "SYS.UTL_FILE", line 536
ORA-06512: at "SYS.UTL_FILE", line 41
ORA-06512: at "SYS.UTL_FILE", line 478
ORA-06512: at "CONSINCO.ESP_PKG_EDI_REDEBRASIL", line 549
ORA-06512: at "CONSINCO.ESP_PKG_EDI_REDEBRASIL", line 549
ORA-06512: at line 1
--------------------------------------------------------------------------------
[2024-12-10 13:54:27] Data: 10/12/2024 - Empresa: 1 - Erro: ORA-29283: invalid file operation: cannot open file [29435]
ORA-06512: at "SYS.UTL_FILE", line 536
ORA-06512: at "SYS.UTL_FILE", line 41
ORA-06512: at "SYS.UTL_FILE", line 478
ORA-06512: at "CONSINCO.ESP_PKG_EDI_REDEBRASIL", line 549
ORA-06512: at "CONSINCO.ESP_PKG_EDI_REDEBRASIL", line 549
ORA-06512: at line 1
--------------------------------------------------------------------------------
[2024-12-10 13:56:05] Data: 09/12/2024 - Empresa: 1 - Erro: ORA-29283: invalid file operation: cannot open file [29435]
ORA-06512: at "SYS.UTL_FILE", line 536
ORA-06512: at "SYS.UTL_FILE", line 41
ORA-06512: at "SYS.UTL_FILE", line 478
ORA-06512: at "CONSINCO.ESP_PKG_EDI_REDEBRASIL", line 549
ORA-06512: at "CONSINCO.ESP_PKG_EDI_REDEBRASIL", line 549
ORA-06512: at line 1
--------------------------------------------------------------------------------
[2024-12-10 13:56:29] Data: 09/12/2024 - Empresa: 15 - Erro: ORA-29283: invalid file operation: cannot open file [29435]
ORA-06512: at "SYS.UTL_FILE", line 536
ORA-06512: at "SYS.UTL_FILE", line 41
ORA-06512: at "SYS.UTL_FILE", line 478
ORA-06512: at "CONSINCO.ESP_PKG_EDI_REDEBRASIL", line 549
ORA-06512: at "CONSINCO.ESP_PKG_EDI_REDEBRASIL", line 549
ORA-06512: at line 1
--------------------------------------------------------------------------------
[2024-12-10 13:57:42] Data: 10/12/2024 - Empresa: 1 - Erro: ORA-29283: invalid file operation: cannot open file [29435]
ORA-06512: at "SYS.UTL_FILE", line 536
ORA-06512: at "SYS.UTL_FILE", line 41
ORA-06512: at "SYS.UTL_FILE", line 478
ORA-06512: at "CONSINCO.ESP_PKG_EDI_REDEBRASIL", line 549
ORA-06512: at "CONSINCO.ESP_PKG_EDI_REDEBRASIL", line 549
ORA-06512: at line 1
--------------------------------------------------------------------------------
[2024-12-10 13:57:51] Data: 10/12/2024 - Empresa: 15 - Erro: ORA-29283: invalid file operation: cannot open file [29435]
ORA-06512: at "SYS.UTL_FILE", line 536
ORA-06512: at "SYS.UTL_FILE", line 41
ORA-06512: at "SYS.UTL_FILE", line 478
ORA-06512: at "CONSINCO.ESP_PKG_EDI_REDEBRASIL", line 549
ORA-06512: at "CONSINCO.ESP_PKG_EDI_REDEBRASIL", line 549
ORA-06512: at line 1
--------------------------------------------------------------------------------
[2024-12-10 14:02:41] Data: 10/12/2024 - Empresa: 1 - Erro: ORA-29283: invalid file operation: cannot open file [29435]
ORA-06512: at "SYS.UTL_FILE", line 536
ORA-06512: at "SYS.UTL_FILE", line 41
ORA-06512: at "SYS.UTL_FILE", line 478
ORA-06512: at "CONSINCO.ESP_PKG_EDI_REDEBRASIL", line 549
ORA-06512: at "CONSINCO.ESP_PKG_EDI_REDEBRASIL", line 549
ORA-06512: at line 1
--------------------------------------------------------------------------------
[2024-12-10 14:02:50] Data: 10/12/2024 - Empresa: 15 - Erro: ORA-29283: invalid file operation: cannot open file [29435]
ORA-06512: at "SYS.UTL_FILE", line 536
ORA-06512: at "SYS.UTL_FILE", line 41
ORA-06512: at "SYS.UTL_FILE", line 478
ORA-06512: at "CONSINCO.ESP_PKG_EDI_REDEBRASIL", line 549
ORA-06512: at "CONSINCO.ESP_PKG_EDI_REDEBRASIL", line 549
ORA-06512: at line 1
--------------------------------------------------------------------------------
[2024-12-11 08:25:21] Data: 01/07/2024 - Empresa: 18 - Erro: ORA-29283: operação de arquivo inválida: não é possível abrir o arquivo [29435]
ORA-06512: em "SYS.UTL_FILE", line 536
ORA-06512: em "SYS.UTL_FILE", line 41
ORA-06512: em "SYS.UTL_FILE", line 478
ORA-06512: em "CONSINCO.ESP_PKG_EDI_REDEBRASIL", line 549
ORA-06512: em "CONSINCO.ESP_PKG_EDI_REDEBRASIL", line 549
ORA-06512: em line 1
--------------------------------------------------------------------------------
[2024-12-11 08:25:21] Data: 01/07/2024 - Empresa: 39 - Erro: ORA-29283: operação de arquivo inválida: não é possível abrir o arquivo [29435]
ORA-06512: em "SYS.UTL_FILE", line 536
ORA-06512: em "SYS.UTL_FILE", line 41
ORA-06512: em "SYS.UTL_FILE", line 478
ORA-06512: em "CONSINCO.ESP_PKG_EDI_REDEBRASIL", line 549
ORA-06512: em "CONSINCO.ESP_PKG_EDI_REDEBRASIL", line 549
ORA-06512: em line 1
--------------------------------------------------------------------------------
[2024-12-11 08:25:21] Data: 01/07/2024 - Empresa: 36 - Erro: ORA-29283: operação de arquivo inválida: não é possível abrir o arquivo [29435]
ORA-06512: em "SYS.UTL_FILE", line 536
ORA-06512: em "SYS.UTL_FILE", line 41
ORA-06512: em "SYS.UTL_FILE", line 478
ORA-06512: em "CONSINCO.ESP_PKG_EDI_REDEBRASIL", line 549
ORA-06512: em "CONSINCO.ESP_PKG_EDI_REDEBRASIL", line 549
ORA-06512: em line 1
--------------------------------------------------------------------------------
[2024-12-11 08:25:21] Data: 01/07/2024 - Empresa: 43 - Erro: ORA-29283: operação de arquivo inválida: não é possível abrir o arquivo [29435]
ORA-06512: em "SYS.UTL_FILE", line 536
ORA-06512: em "SYS.UTL_FILE", line 41
ORA-06512: em "SYS.UTL_FILE", line 478
ORA-06512: em "CONSINCO.ESP_PKG_EDI_REDEBRASIL", line 549
ORA-06512: em "CONSINCO.ESP_PKG_EDI_REDEBRASIL", line 549
ORA-06512: em line 1
--------------------------------------------------------------------------------
[2024-12-11 08:25:21] Data: 01/07/2024 - Empresa: 14 - Erro: ORA-29283: operação de arquivo inválida: não é possível abrir o arquivo [29435]
ORA-06512: em "SYS.UTL_FILE", line 536
ORA-06512: em "SYS.UTL_FILE", line 41
ORA-06512: em "SYS.UTL_FILE", line 478
ORA-06512: em "CONSINCO.ESP_PKG_EDI_REDEBRASIL", line 549
ORA-06512: em "CONSINCO.ESP_PKG_EDI_REDEBRASIL", line 549
ORA-06512: em line 1
--------------------------------------------------------------------------------
[2024-12-11 08:25:21] Data: 01/07/2024 - Empresa: 19 - Erro: ORA-29283: operação de arquivo inválida: não é possível abrir o arquivo [29435]
ORA-06512: em "SYS.UTL_FILE", line 536
ORA-06512: em "SYS.UTL_FILE", line 41
ORA-06512: em "SYS.UTL_FILE", line 478
ORA-06512: em "CONSINCO.ESP_PKG_EDI_REDEBRASIL", line 549
ORA-06512: em "CONSINCO.ESP_PKG_EDI_REDEBRASIL", line 549
ORA-06512: em line 1
--------------------------------------------------------------------------------
[2024-12-11 08:25:21] Data: 01/07/2024 - Empresa: 38 - Erro: ORA-29283: operação de arquivo inválida: não é possível abrir o arquivo [29435]
ORA-06512: em "SYS.UTL_FILE", line 536
ORA-06512: em "SYS.UTL_FILE", line 41
ORA-06512: em "SYS.UTL_FILE", line 478
ORA-06512: em "CONSINCO.ESP_PKG_EDI_REDEBRASIL", line 549
ORA-06512: em "CONSINCO.ESP_PKG_EDI_REDEBRASIL", line 549
ORA-06512: em line 1
--------------------------------------------------------------------------------
[2024-12-11 08:25:26] Data: 02/07/2024 - Empresa: 43 - Erro: ORA-29283: operação de arquivo inválida: não é possível abrir o arquivo [29435]
ORA-06512: em "SYS.UTL_FILE", line 536
ORA-06512: em "SYS.UTL_FILE", line 41
ORA-06512: em "SYS.UTL_FILE", line 478
ORA-06512: em "CONSINCO.ESP_PKG_EDI_REDEBRASIL", line 549
ORA-06512: em "CONSINCO.ESP_PKG_EDI_REDEBRASIL", line 549
ORA-06512: em line 1
--------------------------------------------------------------------------------
[2024-12-11 08:25:27] Data: 21/08/2024 - Empresa: 38 - Erro: ORA-29283: operação de arquivo inválida: não é possível abrir o arquivo [29435]
ORA-06512: em "SYS.UTL_FILE", line 536
ORA-06512: em "SYS.UTL_FILE", line 41
ORA-06512: em "SYS.UTL_FILE", line 478
ORA-06512: em "CONSINCO.ESP_PKG_EDI_REDEBRASIL", line 549
ORA-06512: em "CONSINCO.ESP_PKG_EDI_REDEBRASIL", line 549
ORA-06512: em line 1
--------------------------------------------------------------------------------
[2024-12-11 08:25:30] Data: 02/07/2024 - Empresa: 14 - Erro: ORA-29283: operação de arquivo inválida: não é possível abrir o arquivo [29435]
ORA-06512: em "SYS.UTL_FILE", line 536
ORA-06512: em "SYS.UTL_FILE", line 41
ORA-06512: em "SYS.UTL_FILE", line 478
ORA-06512: em "CONSINCO.ESP_PKG_EDI_REDEBRASIL", line 549
ORA-06512: em "CONSINCO.ESP_PKG_EDI_REDEBRASIL", line 549
ORA-06512: em line 1
--------------------------------------------------------------------------------
[2024-12-11 08:25:32] Data: 02/07/2024 - Empresa: 18 - Erro: ORA-29283: operação de arquivo inválida: não é possível abrir o arquivo [29435]
ORA-06512: em "SYS.UTL_FILE", line 536
ORA-06512: em "SYS.UTL_FILE", line 41
ORA-06512: em "SYS.UTL_FILE", line 478
ORA-06512: em "CONSINCO.ESP_PKG_EDI_REDEBRASIL", line 549
ORA-06512: em "CONSINCO.ESP_PKG_EDI_REDEBRASIL", line 549
ORA-06512: em line 1
--------------------------------------------------------------------------------
[2024-12-11 08:25:34] Data: 02/07/2024 - Empresa: 19 - Erro: ORA-29283: operação de arquivo inválida: não é possível abrir o arquivo [29435]
ORA-06512: em "SYS.UTL_FILE", line 536
ORA-06512: em "SYS.UTL_FILE", line 41
ORA-06512: em "SYS.UTL_FILE", line 478
ORA-06512: em "CONSINCO.ESP_PKG_EDI_REDEBRASIL", line 549
ORA-06512: em "CONSINCO.ESP_PKG_EDI_REDEBRASIL", line 549
ORA-06512: em line 1
--------------------------------------------------------------------------------
[2024-12-11 08:25:38] Data: 02/07/2024 - Empresa: 36 - Erro: ORA-29283: operação de arquivo inválida: não é possível abrir o arquivo [29435]
ORA-06512: em "SYS.UTL_FILE", line 536
ORA-06512: em "SYS.UTL_FILE", line 41
ORA-06512: em "SYS.UTL_FILE", line 478
ORA-06512: em "CONSINCO.ESP_PKG_EDI_REDEBRASIL", line 549
ORA-06512: em "CONSINCO.ESP_PKG_EDI_REDEBRASIL", line 549
ORA-06512: em line 1
--------------------------------------------------------------------------------
[2024-12-11 08:25:40] Data: 02/07/2024 - Empresa: 38 - Erro: ORA-29283: operação de arquivo inválida: não é possível abrir o arquivo [29435]
ORA-06512: em "SYS.UTL_FILE", line 536
ORA-06512: em "SYS.UTL_FILE", line 41
ORA-06512: em "SYS.UTL_FILE", line 478
ORA-06512: em "CONSINCO.ESP_PKG_EDI_REDEBRASIL", line 549
ORA-06512: em "CONSINCO.ESP_PKG_EDI_REDEBRASIL", line 549
ORA-06512: em line 1
--------------------------------------------------------------------------------
[2024-12-11 08:25:44] Data: 03/07/2024 - Empresa: 43 - Erro: ORA-29283: operação de arquivo inválida: não é possível abrir o arquivo [29435]
ORA-06512: em "SYS.UTL_FILE", line 536
ORA-06512: em "SYS.UTL_FILE", line 41
ORA-06512: em "SYS.UTL_FILE", line 478
ORA-06512: em "CONSINCO.ESP_PKG_EDI_REDEBRASIL", line 549
ORA-06512: em "CONSINCO.ESP_PKG_EDI_REDEBRASIL", line 549
ORA-06512: em line 1
--------------------------------------------------------------------------------
[2024-12-11 08:25:47] Data: 03/07/2024 - Empresa: 14 - Erro: ORA-29283: operação de arquivo inválida: não é possível abrir o arquivo [29435]
ORA-06512: em "SYS.UTL_FILE", line 536
ORA-06512: em "SYS.UTL_FILE", line 41
ORA-06512: em "SYS.UTL_FILE", line 478
ORA-06512: em "CONSINCO.ESP_PKG_EDI_REDEBRASIL", line 549
ORA-06512: em "CONSINCO.ESP_PKG_EDI_REDEBRASIL", line 549
ORA-06512: em line 1
--------------------------------------------------------------------------------
[2024-12-11 08:25:49] Data: 04/07/2024 - Empresa: 18 - Erro: ORA-29283: operação de arquivo inválida: não é possível abrir o arquivo [29435]
ORA-06512: em "SYS.UTL_FILE", line 536
ORA-06512: em "SYS.UTL_FILE", line 41
ORA-06512: em "SYS.UTL_FILE", line 478
ORA-06512: em "CONSINCO.ESP_PKG_EDI_REDEBRASIL", line 549
ORA-06512: em "CONSINCO.ESP_PKG_EDI_REDEBRASIL", line 549
ORA-06512: em line 1
--------------------------------------------------------------------------------
[2024-12-11 08:25:51] Data: 03/07/2024 - Empresa: 19 - Erro: ORA-29283: operação de arquivo inválida: não é possível abrir o arquivo [29435]
ORA-06512: em "SYS.UTL_FILE", line 536
ORA-06512: em "SYS.UTL_FILE", line 41
ORA-06512: em "SYS.UTL_FILE", line 478
ORA-06512: em "CONSINCO.ESP_PKG_EDI_REDEBRASIL", line 549
ORA-06512: em "CONSINCO.ESP_PKG_EDI_REDEBRASIL", line 549
ORA-06512: em line 1
--------------------------------------------------------------------------------
[2024-12-11 08:25:55] Data: 03/07/2024 - Empresa: 36 - Erro: ORA-29283: operação de arquivo inválida: não é possível abrir o arquivo [29435]
ORA-06512: em "SYS.UTL_FILE", line 536
ORA-06512: em "SYS.UTL_FILE", line 41
ORA-06512: em "SYS.UTL_FILE", line 478
ORA-06512: em "CONSINCO.ESP_PKG_EDI_REDEBRASIL", line 549
ORA-06512: em "CONSINCO.ESP_PKG_EDI_REDEBRASIL", line 549
ORA-06512: em line 1
--------------------------------------------------------------------------------
[2024-12-11 08:25:57] Data: 03/07/2024 - Empresa: 38 - Erro: ORA-29283: operação de arquivo inválida: não é possível abrir o arquivo [29435]
ORA-06512: em "SYS.UTL_FILE", line 536
ORA-06512: em "SYS.UTL_FILE", line 41
ORA-06512: em "SYS.UTL_FILE", line 478
ORA-06512: em "CONSINCO.ESP_PKG_EDI_REDEBRASIL", line 549
ORA-06512: em "CONSINCO.ESP_PKG_EDI_REDEBRASIL", line 549
ORA-06512: em line 1
--------------------------------------------------------------------------------
[2024-12-11 08:26:01] Data: 04/07/2024 - Empresa: 43 - Erro: ORA-29283: operação de arquivo inválida: não é possível abrir o arquivo [29435]
ORA-06512: em "SYS.UTL_FILE", line 536
ORA-06512: em "SYS.UTL_FILE", line 41
ORA-06512: em "SYS.UTL_FILE", line 478
ORA-06512: em "CONSINCO.ESP_PKG_EDI_REDEBRASIL", line 549
ORA-06512: em "CONSINCO.ESP_PKG_EDI_REDEBRASIL", line 549
ORA-06512: em line 1
--------------------------------------------------------------------------------
[2024-12-11 08:26:04] Data: 04/07/2024 - Empresa: 14 - Erro: ORA-29283: operação de arquivo inválida: não é possível abrir o arquivo [29435]
ORA-06512: em "SYS.UTL_FILE", line 536
ORA-06512: em "SYS.UTL_FILE", line 41
ORA-06512: em "SYS.UTL_FILE", line 478
ORA-06512: em "CONSINCO.ESP_PKG_EDI_REDEBRASIL", line 549
ORA-06512: em "CONSINCO.ESP_PKG_EDI_REDEBRASIL", line 549
ORA-06512: em line 1
--------------------------------------------------------------------------------
[2024-12-11 08:26:06] Data: 05/07/2024 - Empresa: 18 - Erro: ORA-29283: operação de arquivo inválida: não é possível abrir o arquivo [29435]
ORA-06512: em "SYS.UTL_FILE", line 536
ORA-06512: em "SYS.UTL_FILE", line 41
ORA-06512: em "SYS.UTL_FILE", line 478
ORA-06512: em "CONSINCO.ESP_PKG_EDI_REDEBRASIL", line 549
ORA-06512: em "CONSINCO.ESP_PKG_EDI_REDEBRASIL", line 549
ORA-06512: em line 1
--------------------------------------------------------------------------------
[2024-12-11 08:26:08] Data: 04/07/2024 - Empresa: 19 - Erro: ORA-29283: operação de arquivo inválida: não é possível abrir o arquivo [29435]
ORA-06512: em "SYS.UTL_FILE", line 536
ORA-06512: em "SYS.UTL_FILE", line 41
ORA-06512: em "SYS.UTL_FILE", line 478
ORA-06512: em "CONSINCO.ESP_PKG_EDI_REDEBRASIL", line 549
ORA-06512: em "CONSINCO.ESP_PKG_EDI_REDEBRASIL", line 549
ORA-06512: em line 1
--------------------------------------------------------------------------------
[2024-12-11 08:26:11] Data: 04/07/2024 - Empresa: 36 - Erro: ORA-29283: operação de arquivo inválida: não é possível abrir o arquivo [29435]
ORA-06512: em "SYS.UTL_FILE", line 536
ORA-06512: em "SYS.UTL_FILE", line 41
ORA-06512: em "SYS.UTL_FILE", line 478
ORA-06512: em "CONSINCO.ESP_PKG_EDI_REDEBRASIL", line 549
ORA-06512: em "CONSINCO.ESP_PKG_EDI_REDEBRASIL", line 549
ORA-06512: em line 1
--------------------------------------------------------------------------------
[2024-12-11 08:26:14] Data: 04/07/2024 - Empresa: 38 - Erro: ORA-29283: operação de arquivo inválida: não é possível abrir o arquivo [29435]
ORA-06512: em "SYS.UTL_FILE", line 536
ORA-06512: em "SYS.UTL_FILE", line 41
ORA-06512: em "SYS.UTL_FILE", line 478
ORA-06512: em "CONSINCO.ESP_PKG_EDI_REDEBRASIL", line 549
ORA-06512: em "CONSINCO.ESP_PKG_EDI_REDEBRASIL", line 549
ORA-06512: em line 1
--------------------------------------------------------------------------------
[2024-12-11 08:26:16] Data: 05/08/2024 - Empresa: 39 - Erro: ORA-29283: operação de arquivo inválida: não é possível abrir o arquivo [29435]
ORA-06512: em "SYS.UTL_FILE", line 536
ORA-06512: em "SYS.UTL_FILE", line 41
ORA-06512: em "SYS.UTL_FILE", line 478
ORA-06512: em "CONSINCO.ESP_PKG_EDI_REDEBRASIL", line 549
ORA-06512: em "CONSINCO.ESP_PKG_EDI_REDEBRASIL", line 549
ORA-06512: em line 1
--------------------------------------------------------------------------------
[2024-12-11 08:26:17] Data: 05/07/2024 - Empresa: 43 - Erro: ORA-29283: operação de arquivo inválida: não é possível abrir o arquivo [29435]
ORA-06512: em "SYS.UTL_FILE", line 536
ORA-06512: em "SYS.UTL_FILE", line 41
ORA-06512: em "SYS.UTL_FILE", line 478
ORA-06512: em "CONSINCO.ESP_PKG_EDI_REDEBRASIL", line 549
ORA-06512: em "CONSINCO.ESP_PKG_EDI_REDEBRASIL", line 549
ORA-06512: em line 1
--------------------------------------------------------------------------------
[2024-12-11 08:26:20] Data: 05/07/2024 - Empresa: 14 - Erro: ORA-29283: operação de arquivo inválida: não é possível abrir o arquivo [29435]
ORA-06512: em "SYS.UTL_FILE", line 536
ORA-06512: em "SYS.UTL_FILE", line 41
ORA-06512: em "SYS.UTL_FILE", line 478
ORA-06512: em "CONSINCO.ESP_PKG_EDI_REDEBRASIL", line 549
ORA-06512: em "CONSINCO.ESP_PKG_EDI_REDEBRASIL", line 549
ORA-06512: em line 1
--------------------------------------------------------------------------------
[2024-12-11 08:26:23] Data: 07/07/2024 - Empresa: 18 - Erro: ORA-29283: operação de arquivo inválida: não é possível abrir o arquivo [29435]
ORA-06512: em "SYS.UTL_FILE", line 536
ORA-06512: em "SYS.UTL_FILE", line 41
ORA-06512: em "SYS.UTL_FILE", line 478
ORA-06512: em "CONSINCO.ESP_PKG_EDI_REDEBRASIL", line 549
ORA-06512: em "CONSINCO.ESP_PKG_EDI_REDEBRASIL", line 549
ORA-06512: em line 1
--------------------------------------------------------------------------------
[2024-12-11 08:26:24] Data: 05/07/2024 - Empresa: 19 - Erro: ORA-29283: operação de arquivo inválida: não é possível abrir o arquivo [29435]
ORA-06512: em "SYS.UTL_FILE", line 536
ORA-06512: em "SYS.UTL_FILE", line 41
ORA-06512: em "SYS.UTL_FILE", line 478
ORA-06512: em "CONSINCO.ESP_PKG_EDI_REDEBRASIL", line 549
ORA-06512: em "CONSINCO.ESP_PKG_EDI_REDEBRASIL", line 549
ORA-06512: em line 1
--------------------------------------------------------------------------------
[2024-12-11 08:26:28] Data: 05/07/2024 - Empresa: 36 - Erro: ORA-29283: operação de arquivo inválida: não é possível abrir o arquivo [29435]
ORA-06512: em "SYS.UTL_FILE", line 536
ORA-06512: em "SYS.UTL_FILE", line 41
ORA-06512: em "SYS.UTL_FILE", line 478
ORA-06512: em "CONSINCO.ESP_PKG_EDI_REDEBRASIL", line 549
ORA-06512: em "CONSINCO.ESP_PKG_EDI_REDEBRASIL", line 549
ORA-06512: em line 1
--------------------------------------------------------------------------------
[2024-12-11 08:26:30] Data: 05/07/2024 - Empresa: 38 - Erro: ORA-29283: operação de arquivo inválida: não é possível abrir o arquivo [29435]
ORA-06512: em "SYS.UTL_FILE", line 536
ORA-06512: em "SYS.UTL_FILE", line 41
ORA-06512: em "SYS.UTL_FILE", line 478
ORA-06512: em "CONSINCO.ESP_PKG_EDI_REDEBRASIL", line 549
ORA-06512: em "CONSINCO.ESP_PKG_EDI_REDEBRASIL", line 549
ORA-06512: em line 1
--------------------------------------------------------------------------------
[2024-12-11 08:26:32] Data: 06/08/2024 - Empresa: 39 - Erro: ORA-29283: operação de arquivo inválida: não é possível abrir o arquivo [29435]
ORA-06512: em "SYS.UTL_FILE", line 536
ORA-06512: em "SYS.UTL_FILE", line 41
ORA-06512: em "SYS.UTL_FILE", line 478
ORA-06512: em "CONSINCO.ESP_PKG_EDI_REDEBRASIL", line 549
ORA-06512: em "CONSINCO.ESP_PKG_EDI_REDEBRASIL", line 549
ORA-06512: em line 1
--------------------------------------------------------------------------------
[2024-12-11 08:26:34] Data: 06/07/2024 - Empresa: 43 - Erro: ORA-29283: operação de arquivo inválida: não é possível abrir o arquivo [29435]
ORA-06512: em "SYS.UTL_FILE", line 536
ORA-06512: em "SYS.UTL_FILE", line 41
ORA-06512: em "SYS.UTL_FILE", line 478
ORA-06512: em "CONSINCO.ESP_PKG_EDI_REDEBRASIL", line 549
ORA-06512: em "CONSINCO.ESP_PKG_EDI_REDEBRASIL", line 549
ORA-06512: em line 1
--------------------------------------------------------------------------------
[2024-12-11 08:26:36] Data: 06/07/2024 - Empresa: 14 - Erro: ORA-29283: operação de arquivo inválida: não é possível abrir o arquivo [29435]
ORA-06512: em "SYS.UTL_FILE", line 536
ORA-06512: em "SYS.UTL_FILE", line 41
ORA-06512: em "SYS.UTL_FILE", line 478
ORA-06512: em "CONSINCO.ESP_PKG_EDI_REDEBRASIL", line 549
ORA-06512: em "CONSINCO.ESP_PKG_EDI_REDEBRASIL", line 549
ORA-06512: em line 1
--------------------------------------------------------------------------------
[2024-12-11 08:26:38] Data: 08/07/2024 - Empresa: 18 - Erro: ORA-29283: operação de arquivo inválida: não é possível abrir o arquivo [29435]
ORA-06512: em "SYS.UTL_FILE", line 536
ORA-06512: em "SYS.UTL_FILE", line 41
ORA-06512: em "SYS.UTL_FILE", line 478
ORA-06512: em "CONSINCO.ESP_PKG_EDI_REDEBRASIL", line 549
ORA-06512: em "CONSINCO.ESP_PKG_EDI_REDEBRASIL", line 549
ORA-06512: em line 1
--------------------------------------------------------------------------------
[2024-12-11 08:26:40] Data: 06/07/2024 - Empresa: 19 - Erro: ORA-29283: operação de arquivo inválida: não é possível abrir o arquivo [29435]
ORA-06512: em "SYS.UTL_FILE", line 536
ORA-06512: em "SYS.UTL_FILE", line 41
ORA-06512: em "SYS.UTL_FILE", line 478
ORA-06512: em "CONSINCO.ESP_PKG_EDI_REDEBRASIL", line 549
ORA-06512: em "CONSINCO.ESP_PKG_EDI_REDEBRASIL", line 549
ORA-06512: em line 1
--------------------------------------------------------------------------------
[2024-12-11 08:26:43] Data: 06/07/2024 - Empresa: 36 - Erro: ORA-29283: operação de arquivo inválida: não é possível abrir o arquivo [29435]
ORA-06512: em "SYS.UTL_FILE", line 536
ORA-06512: em "SYS.UTL_FILE", line 41
ORA-06512: em "SYS.UTL_FILE", line 478
ORA-06512: em "CONSINCO.ESP_PKG_EDI_REDEBRASIL", line 549
ORA-06512: em "CONSINCO.ESP_PKG_EDI_REDEBRASIL", line 549
ORA-06512: em line 1
--------------------------------------------------------------------------------
[2024-12-11 08:26:45] Data: 06/07/2024 - Empresa: 38 - Erro: ORA-29283: operação de arquivo inválida: não é possível abrir o arquivo [29435]
ORA-06512: em "SYS.UTL_FILE", line 536
ORA-06512: em "SYS.UTL_FILE", line 41
ORA-06512: em "SYS.UTL_FILE", line 478
ORA-06512: em "CONSINCO.ESP_PKG_EDI_REDEBRASIL", line 549
ORA-06512: em "CONSINCO.ESP_PKG_EDI_REDEBRASIL", line 549
ORA-06512: em line 1
--------------------------------------------------------------------------------
[2024-12-11 08:26:47] Data: 30/08/2024 - Empresa: 36 - Erro: ORA-29283: operação de arquivo inválida: não é possível abrir o arquivo [29435]
ORA-06512: em "SYS.UTL_FILE", line 536
ORA-06512: em "SYS.UTL_FILE", line 41
ORA-06512: em "SYS.UTL_FILE", line 478
ORA-06512: em "CONSINCO.ESP_PKG_EDI_REDEBRASIL", line 549
ORA-06512: em "CONSINCO.ESP_PKG_EDI_REDEBRASIL", line 549
ORA-06512: em line 1
--------------------------------------------------------------------------------
[2024-12-11 08:26:47] Data: 12/08/2024 - Empresa: 39 - Erro: ORA-29283: operação de arquivo inválida: não é possível abrir o arquivo [29435]
ORA-06512: em "SYS.UTL_FILE", line 536
ORA-06512: em "SYS.UTL_FILE", line 41
ORA-06512: em "SYS.UTL_FILE", line 478
ORA-06512: em "CONSINCO.ESP_PKG_EDI_REDEBRASIL", line 549
ORA-06512: em "CONSINCO.ESP_PKG_EDI_REDEBRASIL", line 549
ORA-06512: em line 1
--------------------------------------------------------------------------------
[2024-12-11 08:26:49] Data: 07/07/2024 - Empresa: 43 - Erro: ORA-29283: operação de arquivo inválida: não é possível abrir o arquivo [29435]
ORA-06512: em "SYS.UTL_FILE", line 536
ORA-06512: em "SYS.UTL_FILE", line 41
ORA-06512: em "SYS.UTL_FILE", line 478
ORA-06512: em "CONSINCO.ESP_PKG_EDI_REDEBRASIL", line 549
ORA-06512: em "CONSINCO.ESP_PKG_EDI_REDEBRASIL", line 549
ORA-06512: em line 1
--------------------------------------------------------------------------------
[2024-12-11 08:26:52] Data: 07/07/2024 - Empresa: 14 - Erro: ORA-29283: operação de arquivo inválida: não é possível abrir o arquivo [29435]
ORA-06512: em "SYS.UTL_FILE", line 536
ORA-06512: em "SYS.UTL_FILE", line 41
ORA-06512: em "SYS.UTL_FILE", line 478
ORA-06512: em "CONSINCO.ESP_PKG_EDI_REDEBRASIL", line 549
ORA-06512: em "CONSINCO.ESP_PKG_EDI_REDEBRASIL", line 549
ORA-06512: em line 1
--------------------------------------------------------------------------------
[2024-12-11 08:26:54] Data: 09/07/2024 - Empresa: 18 - Erro: ORA-29283: operação de arquivo inválida: não é possível abrir o arquivo [29435]
ORA-06512: em "SYS.UTL_FILE", line 536
ORA-06512: em "SYS.UTL_FILE", line 41
ORA-06512: em "SYS.UTL_FILE", line 478
ORA-06512: em "CONSINCO.ESP_PKG_EDI_REDEBRASIL", line 549
ORA-06512: em "CONSINCO.ESP_PKG_EDI_REDEBRASIL", line 549
ORA-06512: em line 1
--------------------------------------------------------------------------------
[2024-12-11 08:26:55] Data: 07/07/2024 - Empresa: 19 - Erro: ORA-29283: operação de arquivo inválida: não é possível abrir o arquivo [29435]
ORA-06512: em "SYS.UTL_FILE", line 536
ORA-06512: em "SYS.UTL_FILE", line 41
ORA-06512: em "SYS.UTL_FILE", line 478
ORA-06512: em "CONSINCO.ESP_PKG_EDI_REDEBRASIL", line 549
ORA-06512: em "CONSINCO.ESP_PKG_EDI_REDEBRASIL", line 549
ORA-06512: em line 1
--------------------------------------------------------------------------------
[2024-12-11 08:26:59] Data: 07/07/2024 - Empresa: 36 - Erro: ORA-29283: operação de arquivo inválida: não é possível abrir o arquivo [29435]
ORA-06512: em "SYS.UTL_FILE", line 536
ORA-06512: em "SYS.UTL_FILE", line 41
ORA-06512: em "SYS.UTL_FILE", line 478
ORA-06512: em "CONSINCO.ESP_PKG_EDI_REDEBRASIL", line 549
ORA-06512: em "CONSINCO.ESP_PKG_EDI_REDEBRASIL", line 549
ORA-06512: em line 1
--------------------------------------------------------------------------------
[2024-12-11 08:27:01] Data: 07/07/2024 - Empresa: 38 - Erro: ORA-29283: operação de arquivo inválida: não é possível abrir o arquivo [29435]
ORA-06512: em "SYS.UTL_FILE", line 536
ORA-06512: em "SYS.UTL_FILE", line 41
ORA-06512: em "SYS.UTL_FILE", line 478
ORA-06512: em "CONSINCO.ESP_PKG_EDI_REDEBRASIL", line 549
ORA-06512: em "CONSINCO.ESP_PKG_EDI_REDEBRASIL", line 549
ORA-06512: em line 1
--------------------------------------------------------------------------------
[2024-12-11 08:27:04] Data: 08/07/2024 - Empresa: 43 - Erro: ORA-29283: operação de arquivo inválida: não é possível abrir o arquivo [29435]
ORA-06512: em "SYS.UTL_FILE", line 536
ORA-06512: em "SYS.UTL_FILE", line 41
ORA-06512: em "SYS.UTL_FILE", line 478
ORA-06512: em "CONSINCO.ESP_PKG_EDI_REDEBRASIL", line 549
ORA-06512: em "CONSINCO.ESP_PKG_EDI_REDEBRASIL", line 549
ORA-06512: em line 1
--------------------------------------------------------------------------------
[2024-12-11 08:27:06] Data: 08/07/2024 - Empresa: 14 - Erro: ORA-29283: operação de arquivo inválida: não é possível abrir o arquivo [29435]
ORA-06512: em "SYS.UTL_FILE", line 536
ORA-06512: em "SYS.UTL_FILE", line 41
ORA-06512: em "SYS.UTL_FILE", line 478
ORA-06512: em "CONSINCO.ESP_PKG_EDI_REDEBRASIL", line 549
ORA-06512: em "CONSINCO.ESP_PKG_EDI_REDEBRASIL", line 549
ORA-06512: em line 1
--------------------------------------------------------------------------------
[2024-12-11 08:27:09] Data: 10/07/2024 - Empresa: 18 - Erro: ORA-29283: operação de arquivo inválida: não é possível abrir o arquivo [29435]
ORA-06512: em "SYS.UTL_FILE", line 536
ORA-06512: em "SYS.UTL_FILE", line 41
ORA-06512: em "SYS.UTL_FILE", line 478
ORA-06512: em "CONSINCO.ESP_PKG_EDI_REDEBRASIL", line 549
ORA-06512: em "CONSINCO.ESP_PKG_EDI_REDEBRASIL", line 549
ORA-06512: em line 1
--------------------------------------------------------------------------------
[2024-12-11 08:27:10] Data: 08/07/2024 - Empresa: 19 - Erro: ORA-29283: operação de arquivo inválida: não é possível abrir o arquivo [29435]
ORA-06512: em "SYS.UTL_FILE", line 536
ORA-06512: em "SYS.UTL_FILE", line 41
ORA-06512: em "SYS.UTL_FILE", line 478
ORA-06512: em "CONSINCO.ESP_PKG_EDI_REDEBRASIL", line 549
ORA-06512: em "CONSINCO.ESP_PKG_EDI_REDEBRASIL", line 549
ORA-06512: em line 1
--------------------------------------------------------------------------------
[2024-12-11 08:27:14] Data: 08/07/2024 - Empresa: 36 - Erro: ORA-29283: operação de arquivo inválida: não é possível abrir o arquivo [29435]
ORA-06512: em "SYS.UTL_FILE", line 536
ORA-06512: em "SYS.UTL_FILE", line 41
ORA-06512: em "SYS.UTL_FILE", line 478
ORA-06512: em "CONSINCO.ESP_PKG_EDI_REDEBRASIL", line 549
ORA-06512: em "CONSINCO.ESP_PKG_EDI_REDEBRASIL", line 549
ORA-06512: em line 1
--------------------------------------------------------------------------------
[2024-12-11 08:27:15] Data: 08/07/2024 - Empresa: 38 - Erro: ORA-29283: operação de arquivo inválida: não é possível abrir o arquivo [29435]
ORA-06512: em "SYS.UTL_FILE", line 536
ORA-06512: em "SYS.UTL_FILE", line 41
ORA-06512: em "SYS.UTL_FILE", line 478
ORA-06512: em "CONSINCO.ESP_PKG_EDI_REDEBRASIL", line 549
ORA-06512: em "CONSINCO.ESP_PKG_EDI_REDEBRASIL", line 549
ORA-06512: em line 1
--------------------------------------------------------------------------------
[2024-12-11 08:27:16] Data: 09/07/2024 - Empresa: 39 - Erro: ORA-29283: operação de arquivo inválida: não é possível abrir o arquivo [29435]
ORA-06512: em "SYS.UTL_FILE", line 536
ORA-06512: em "SYS.UTL_FILE", line 41
ORA-06512: em "SYS.UTL_FILE", line 478
ORA-06512: em "CONSINCO.ESP_PKG_EDI_REDEBRASIL", line 549
ORA-06512: em "CONSINCO.ESP_PKG_EDI_REDEBRASIL", line 549
ORA-06512: em line 1
--------------------------------------------------------------------------------
[2024-12-11 08:27:19] Data: 09/07/2024 - Empresa: 43 - Erro: ORA-29283: operação de arquivo inválida: não é possível abrir o arquivo [29435]
ORA-06512: em "SYS.UTL_FILE", line 536
ORA-06512: em "SYS.UTL_FILE", line 41
ORA-06512: em "SYS.UTL_FILE", line 478
ORA-06512: em "CONSINCO.ESP_PKG_EDI_REDEBRASIL", line 549
ORA-06512: em "CONSINCO.ESP_PKG_EDI_REDEBRASIL", line 549
ORA-06512: em line 1
--------------------------------------------------------------------------------
[2024-12-11 08:27:21] Data: 09/07/2024 - Empresa: 14 - Erro: ORA-29283: operação de arquivo inválida: não é possível abrir o arquivo [29435]
ORA-06512: em "SYS.UTL_FILE", line 536
ORA-06512: em "SYS.UTL_FILE", line 41
ORA-06512: em "SYS.UTL_FILE", line 478
ORA-06512: em "CONSINCO.ESP_PKG_EDI_REDEBRASIL", line 549
ORA-06512: em "CONSINCO.ESP_PKG_EDI_REDEBRASIL", line 549
ORA-06512: em line 1
--------------------------------------------------------------------------------
[2024-12-11 08:27:23] Data: 11/07/2024 - Empresa: 18 - Erro: ORA-29283: operação de arquivo inválida: não é possível abrir o arquivo [29435]
ORA-06512: em "SYS.UTL_FILE", line 536
ORA-06512: em "SYS.UTL_FILE", line 41
ORA-06512: em "SYS.UTL_FILE", line 478
ORA-06512: em "CONSINCO.ESP_PKG_EDI_REDEBRASIL", line 549
ORA-06512: em "CONSINCO.ESP_PKG_EDI_REDEBRASIL", line 549
ORA-06512: em line 1
--------------------------------------------------------------------------------
[2024-12-11 08:27:25] Data: 09/07/2024 - Empresa: 19 - Erro: ORA-29283: operação de arquivo inválida: não é possível abrir o arquivo [29435]
ORA-06512: em "SYS.UTL_FILE", line 536
ORA-06512: em "SYS.UTL_FILE", line 41
ORA-06512: em "SYS.UTL_FILE", line 478
ORA-06512: em "CONSINCO.ESP_PKG_EDI_REDEBRASIL", line 549
ORA-06512: em "CONSINCO.ESP_PKG_EDI_REDEBRASIL", line 549
ORA-06512: em line 1
--------------------------------------------------------------------------------
[2024-12-11 08:27:28] Data: 09/07/2024 - Empresa: 36 - Erro: ORA-29283: operação de arquivo inválida: não é possível abrir o arquivo [29435]
ORA-06512: em "SYS.UTL_FILE", line 536
ORA-06512: em "SYS.UTL_FILE", line 41
ORA-06512: em "SYS.UTL_FILE", line 478
ORA-06512: em "CONSINCO.ESP_PKG_EDI_REDEBRASIL", line 549
ORA-06512: em "CONSINCO.ESP_PKG_EDI_REDEBRASIL", line 549
ORA-06512: em line 1
--------------------------------------------------------------------------------
[2024-12-11 08:27:30] Data: 09/07/2024 - Empresa: 38 - Erro: ORA-29283: operação de arquivo inválida: não é possível abrir o arquivo [29435]
ORA-06512: em "SYS.UTL_FILE", line 536
ORA-06512: em "SYS.UTL_FILE", line 41
ORA-06512: em "SYS.UTL_FILE", line 478
ORA-06512: em "CONSINCO.ESP_PKG_EDI_REDEBRASIL", line 549
ORA-06512: em "CONSINCO.ESP_PKG_EDI_REDEBRASIL", line 549
ORA-06512: em line 1
--------------------------------------------------------------------------------
[2024-12-11 08:27:33] Data: 10/07/2024 - Empresa: 43 - Erro: ORA-29283: operação de arquivo inválida: não é possível abrir o arquivo [29435]
ORA-06512: em "SYS.UTL_FILE", line 536
ORA-06512: em "SYS.UTL_FILE", line 41
ORA-06512: em "SYS.UTL_FILE", line 478
ORA-06512: em "CONSINCO.ESP_PKG_EDI_REDEBRASIL", line 549
ORA-06512: em "CONSINCO.ESP_PKG_EDI_REDEBRASIL", line 549
ORA-06512: em line 1
--------------------------------------------------------------------------------
[2024-12-11 08:27:35] Data: 10/07/2024 - Empresa: 14 - Erro: ORA-29283: operação de arquivo inválida: não é possível abrir o arquivo [29435]
ORA-06512: em "SYS.UTL_FILE", line 536
ORA-06512: em "SYS.UTL_FILE", line 41
ORA-06512: em "SYS.UTL_FILE", line 478
ORA-06512: em "CONSINCO.ESP_PKG_EDI_REDEBRASIL", line 549
ORA-06512: em "CONSINCO.ESP_PKG_EDI_REDEBRASIL", line 549
ORA-06512: em line 1
--------------------------------------------------------------------------------
[2024-12-11 08:27:37] Data: 12/07/2024 - Empresa: 18 - Erro: ORA-29283: operação de arquivo inválida: não é possível abrir o arquivo [29435]
ORA-06512: em "SYS.UTL_FILE", line 536
ORA-06512: em "SYS.UTL_FILE", line 41
ORA-06512: em "SYS.UTL_FILE", line 478
ORA-06512: em "CONSINCO.ESP_PKG_EDI_REDEBRASIL", line 549
ORA-06512: em "CONSINCO.ESP_PKG_EDI_REDEBRASIL", line 549
ORA-06512: em line 1
--------------------------------------------------------------------------------
[2024-12-11 08:27:39] Data: 10/07/2024 - Empresa: 19 - Erro: ORA-29283: operação de arquivo inválida: não é possível abrir o arquivo [29435]
ORA-06512: em "SYS.UTL_FILE", line 536
ORA-06512: em "SYS.UTL_FILE", line 41
ORA-06512: em "SYS.UTL_FILE", line 478
ORA-06512: em "CONSINCO.ESP_PKG_EDI_REDEBRASIL", line 549
ORA-06512: em "CONSINCO.ESP_PKG_EDI_REDEBRASIL", line 549
ORA-06512: em line 1
--------------------------------------------------------------------------------
[2024-12-11 08:27:42] Data: 10/07/2024 - Empresa: 36 - Erro: ORA-29283: operação de arquivo inválida: não é possível abrir o arquivo [29435]
ORA-06512: em "SYS.UTL_FILE", line 536
ORA-06512: em "SYS.UTL_FILE", line 41
ORA-06512: em "SYS.UTL_FILE", line 478
ORA-06512: em "CONSINCO.ESP_PKG_EDI_REDEBRASIL", line 549
ORA-06512: em "CONSINCO.ESP_PKG_EDI_REDEBRASIL", line 549
ORA-06512: em line 1
--------------------------------------------------------------------------------
[2024-12-11 08:27:43] Data: 10/07/2024 - Empresa: 38 - Erro: ORA-29283: operação de arquivo inválida: não é possível abrir o arquivo [29435]
ORA-06512: em "SYS.UTL_FILE", line 536
ORA-06512: em "SYS.UTL_FILE", line 41
ORA-06512: em "SYS.UTL_FILE", line 478
ORA-06512: em "CONSINCO.ESP_PKG_EDI_REDEBRASIL", line 549
ORA-06512: em "CONSINCO.ESP_PKG_EDI_REDEBRASIL", line 549
ORA-06512: em line 1
--------------------------------------------------------------------------------
[2024-12-11 08:27:45] Data: 15/08/2024 - Empresa: 39 - Erro: ORA-29283: operação de arquivo inválida: não é possível abrir o arquivo [29435]
ORA-06512: em "SYS.UTL_FILE", line 536
ORA-06512: em "SYS.UTL_FILE", line 41
ORA-06512: em "SYS.UTL_FILE", line 478
ORA-06512: em "CONSINCO.ESP_PKG_EDI_REDEBRASIL", line 549
ORA-06512: em "CONSINCO.ESP_PKG_EDI_REDEBRASIL", line 549
ORA-06512: em line 1
--------------------------------------------------------------------------------
[2024-12-11 08:27:47] Data: 11/07/2024 - Empresa: 43 - Erro: ORA-29283: operação de arquivo inválida: não é possível abrir o arquivo [29435]
ORA-06512: em "SYS.UTL_FILE", line 536
ORA-06512: em "SYS.UTL_FILE", line 41
ORA-06512: em "SYS.UTL_FILE", line 478
ORA-06512: em "CONSINCO.ESP_PKG_EDI_REDEBRASIL", line 549
ORA-06512: em "CONSINCO.ESP_PKG_EDI_REDEBRASIL", line 549
ORA-06512: em line 1
--------------------------------------------------------------------------------
[2024-12-11 08:27:49] Data: 11/07/2024 - Empresa: 14 - Erro: ORA-29283: operação de arquivo inválida: não é possível abrir o arquivo [29435]
ORA-06512: em "SYS.UTL_FILE", line 536
ORA-06512: em "SYS.UTL_FILE", line 41
ORA-06512: em "SYS.UTL_FILE", line 478
ORA-06512: em "CONSINCO.ESP_PKG_EDI_REDEBRASIL", line 549
ORA-06512: em "CONSINCO.ESP_PKG_EDI_REDEBRASIL", line 549
ORA-06512: em line 1
--------------------------------------------------------------------------------
[2024-12-11 08:27:51] Data: 14/07/2024 - Empresa: 18 - Erro: ORA-29283: operação de arquivo inválida: não é possível abrir o arquivo [29435]
ORA-06512: em "SYS.UTL_FILE", line 536
ORA-06512: em "SYS.UTL_FILE", line 41
ORA-06512: em "SYS.UTL_FILE", line 478
ORA-06512: em "CONSINCO.ESP_PKG_EDI_REDEBRASIL", line 549
ORA-06512: em "CONSINCO.ESP_PKG_EDI_REDEBRASIL", line 549
ORA-06512: em line 1
--------------------------------------------------------------------------------
[2024-12-11 08:27:52] Data: 11/07/2024 - Empresa: 19 - Erro: ORA-29283: operação de arquivo inválida: não é possível abrir o arquivo [29435]
ORA-06512: em "SYS.UTL_FILE", line 536
ORA-06512: em "SYS.UTL_FILE", line 41
ORA-06512: em "SYS.UTL_FILE", line 478
ORA-06512: em "CONSINCO.ESP_PKG_EDI_REDEBRASIL", line 549
ORA-06512: em "CONSINCO.ESP_PKG_EDI_REDEBRASIL", line 549
ORA-06512: em line 1
--------------------------------------------------------------------------------
[2024-12-11 08:27:55] Data: 11/07/2024 - Empresa: 36 - Erro: ORA-29283: operação de arquivo inválida: não é possível abrir o arquivo [29435]
ORA-06512: em "SYS.UTL_FILE", line 536
ORA-06512: em "SYS.UTL_FILE", line 41
ORA-06512: em "SYS.UTL_FILE", line 478
ORA-06512: em "CONSINCO.ESP_PKG_EDI_REDEBRASIL", line 549
ORA-06512: em "CONSINCO.ESP_PKG_EDI_REDEBRASIL", line 549
ORA-06512: em line 1
--------------------------------------------------------------------------------
[2024-12-11 08:27:57] Data: 11/07/2024 - Empresa: 38 - Erro: ORA-29283: operação de arquivo inválida: não é possível abrir o arquivo [29435]
ORA-06512: em "SYS.UTL_FILE", line 536
ORA-06512: em "SYS.UTL_FILE", line 41
ORA-06512: em "SYS.UTL_FILE", line 478
ORA-06512: em "CONSINCO.ESP_PKG_EDI_REDEBRASIL", line 549
ORA-06512: em "CONSINCO.ESP_PKG_EDI_REDEBRASIL", line 549
ORA-06512: em line 1
--------------------------------------------------------------------------------
[2024-12-11 08:28:00] Data: 12/07/2024 - Empresa: 43 - Erro: ORA-29283: operação de arquivo inválida: não é possível abrir o arquivo [29435]
ORA-06512: em "SYS.UTL_FILE", line 536
ORA-06512: em "SYS.UTL_FILE", line 41
ORA-06512: em "SYS.UTL_FILE", line 478
ORA-06512: em "CONSINCO.ESP_PKG_EDI_REDEBRASIL", line 549
ORA-06512: em "CONSINCO.ESP_PKG_EDI_REDEBRASIL", line 549
ORA-06512: em line 1
--------------------------------------------------------------------------------
[2024-12-11 08:28:02] Data: 12/07/2024 - Empresa: 14 - Erro: ORA-29283: operação de arquivo inválida: não é possível abrir o arquivo [29435]
ORA-06512: em "SYS.UTL_FILE", line 536
ORA-06512: em "SYS.UTL_FILE", line 41
ORA-06512: em "SYS.UTL_FILE", line 478
ORA-06512: em "CONSINCO.ESP_PKG_EDI_REDEBRASIL", line 549
ORA-06512: em "CONSINCO.ESP_PKG_EDI_REDEBRASIL", line 549
ORA-06512: em line 1
--------------------------------------------------------------------------------
[2024-12-11 08:28:04] Data: 15/07/2024 - Empresa: 18 - Erro: ORA-29283: operação de arquivo inválida: não é possível abrir o arquivo [29435]
ORA-06512: em "SYS.UTL_FILE", line 536
ORA-06512: em "SYS.UTL_FILE", line 41
ORA-06512: em "SYS.UTL_FILE", line 478
ORA-06512: em "CONSINCO.ESP_PKG_EDI_REDEBRASIL", line 549
ORA-06512: em "CONSINCO.ESP_PKG_EDI_REDEBRASIL", line 549
ORA-06512: em line 1
--------------------------------------------------------------------------------
[2024-12-11 08:28:05] Data: 12/07/2024 - Empresa: 19 - Erro: ORA-29283: operação de arquivo inválida: não é possível abrir o arquivo [29435]
ORA-06512: em "SYS.UTL_FILE", line 536
ORA-06512: em "SYS.UTL_FILE", line 41
ORA-06512: em "SYS.UTL_FILE", line 478
ORA-06512: em "CONSINCO.ESP_PKG_EDI_REDEBRASIL", line 549
ORA-06512: em "CONSINCO.ESP_PKG_EDI_REDEBRASIL", line 549
ORA-06512: em line 1
--------------------------------------------------------------------------------
[2024-12-11 08:28:08] Data: 12/07/2024 - Empresa: 36 - Erro: ORA-29283: operação de arquivo inválida: não é possível abrir o arquivo [29435]
ORA-06512: em "SYS.UTL_FILE", line 536
ORA-06512: em "SYS.UTL_FILE", line 41
ORA-06512: em "SYS.UTL_FILE", line 478
ORA-06512: em "CONSINCO.ESP_PKG_EDI_REDEBRASIL", line 549
ORA-06512: em "CONSINCO.ESP_PKG_EDI_REDEBRASIL", line 549
ORA-06512: em line 1
--------------------------------------------------------------------------------
[2024-12-11 08:28:10] Data: 12/07/2024 - Empresa: 38 - Erro: ORA-29283: operação de arquivo inválida: não é possível abrir o arquivo [29435]
ORA-06512: em "SYS.UTL_FILE", line 536
ORA-06512: em "SYS.UTL_FILE", line 41
ORA-06512: em "SYS.UTL_FILE", line 478
ORA-06512: em "CONSINCO.ESP_PKG_EDI_REDEBRASIL", line 549
ORA-06512: em "CONSINCO.ESP_PKG_EDI_REDEBRASIL", line 549
ORA-06512: em line 1
--------------------------------------------------------------------------------
[2024-12-11 08:28:13] Data: 13/07/2024 - Empresa: 43 - Erro: ORA-29283: operação de arquivo inválida: não é possível abrir o arquivo [29435]
ORA-06512: em "SYS.UTL_FILE", line 536
ORA-06512: em "SYS.UTL_FILE", line 41
ORA-06512: em "SYS.UTL_FILE", line 478
ORA-06512: em "CONSINCO.ESP_PKG_EDI_REDEBRASIL", line 549
ORA-06512: em "CONSINCO.ESP_PKG_EDI_REDEBRASIL", line 549
ORA-06512: em line 1
--------------------------------------------------------------------------------
[2024-12-11 08:28:15] Data: 13/07/2024 - Empresa: 14 - Erro: ORA-29283: operação de arquivo inválida: não é possível abrir o arquivo [29435]
ORA-06512: em "SYS.UTL_FILE", line 536
ORA-06512: em "SYS.UTL_FILE", line 41
ORA-06512: em "SYS.UTL_FILE", line 478
ORA-06512: em "CONSINCO.ESP_PKG_EDI_REDEBRASIL", line 549
ORA-06512: em "CONSINCO.ESP_PKG_EDI_REDEBRASIL", line 549
ORA-06512: em line 1
--------------------------------------------------------------------------------
[2024-12-11 08:28:17] Data: 17/07/2024 - Empresa: 18 - Erro: ORA-29283: operação de arquivo inválida: não é possível abrir o arquivo [29435]
ORA-06512: em "SYS.UTL_FILE", line 536
ORA-06512: em "SYS.UTL_FILE", line 41
ORA-06512: em "SYS.UTL_FILE", line 478
ORA-06512: em "CONSINCO.ESP_PKG_EDI_REDEBRASIL", line 549
ORA-06512: em "CONSINCO.ESP_PKG_EDI_REDEBRASIL", line 549
ORA-06512: em line 1
--------------------------------------------------------------------------------
[2024-12-11 08:28:18] Data: 13/07/2024 - Empresa: 19 - Erro: ORA-29283: operação de arquivo inválida: não é possível abrir o arquivo [29435]
ORA-06512: em "SYS.UTL_FILE", line 536
ORA-06512: em "SYS.UTL_FILE", line 41
ORA-06512: em "SYS.UTL_FILE", line 478
ORA-06512: em "CONSINCO.ESP_PKG_EDI_REDEBRASIL", line 549
ORA-06512: em "CONSINCO.ESP_PKG_EDI_REDEBRASIL", line 549
ORA-06512: em line 1
--------------------------------------------------------------------------------
[2024-12-11 08:30:36] Data: 01/07/2024 - Empresa: 14 - Erro: ORA-29283: operação de arquivo inválida: não é possível abrir o arquivo [29435]
ORA-06512: em "SYS.UTL_FILE", line 536
ORA-06512: em "SYS.UTL_FILE", line 41
ORA-06512: em "SYS.UTL_FILE", line 478
ORA-06512: em "CONSINCO.ESP_PKG_EDI_REDEBRASIL", line 549
ORA-06512: em "CONSINCO.ESP_PKG_EDI_REDEBRASIL", line 549
ORA-06512: em line 1
--------------------------------------------------------------------------------
[2024-12-11 08:30:38] Data: 01/07/2024 - Empresa: 18 - Erro: ORA-29283: operação de arquivo inválida: não é possível abrir o arquivo [29435]
ORA-06512: em "SYS.UTL_FILE", line 536
ORA-06512: em "SYS.UTL_FILE", line 41
ORA-06512: em "SYS.UTL_FILE", line 478
ORA-06512: em "CONSINCO.ESP_PKG_EDI_REDEBRASIL", line 549
ORA-06512: em "CONSINCO.ESP_PKG_EDI_REDEBRASIL", line 549
ORA-06512: em line 1
--------------------------------------------------------------------------------
[2024-12-11 08:30:40] Data: 01/07/2024 - Empresa: 19 - Erro: ORA-29283: operação de arquivo inválida: não é possível abrir o arquivo [29435]
ORA-06512: em "SYS.UTL_FILE", line 536
ORA-06512: em "SYS.UTL_FILE", line 41
ORA-06512: em "SYS.UTL_FILE", line 478
ORA-06512: em "CONSINCO.ESP_PKG_EDI_REDEBRASIL", line 549
ORA-06512: em "CONSINCO.ESP_PKG_EDI_REDEBRASIL", line 549
ORA-06512: em line 1
--------------------------------------------------------------------------------
[2024-12-11 08:30:44] Data: 01/07/2024 - Empresa: 36 - Erro: ORA-29283: operação de arquivo inválida: não é possível abrir o arquivo [29435]
ORA-06512: em "SYS.UTL_FILE", line 536
ORA-06512: em "SYS.UTL_FILE", line 41
ORA-06512: em "SYS.UTL_FILE", line 478
ORA-06512: em "CONSINCO.ESP_PKG_EDI_REDEBRASIL", line 549
ORA-06512: em "CONSINCO.ESP_PKG_EDI_REDEBRASIL", line 549
ORA-06512: em line 1
--------------------------------------------------------------------------------
[2024-12-11 08:30:46] Data: 01/07/2024 - Empresa: 38 - Erro: ORA-29283: operação de arquivo inválida: não é possível abrir o arquivo [29435]
ORA-06512: em "SYS.UTL_FILE", line 536
ORA-06512: em "SYS.UTL_FILE", line 41
ORA-06512: em "SYS.UTL_FILE", line 478
ORA-06512: em "CONSINCO.ESP_PKG_EDI_REDEBRASIL", line 549
ORA-06512: em "CONSINCO.ESP_PKG_EDI_REDEBRASIL", line 549
ORA-06512: em line 1
--------------------------------------------------------------------------------
[2024-12-11 08:30:48] Data: 01/07/2024 - Empresa: 39 - Erro: ORA-29283: operação de arquivo inválida: não é possível abrir o arquivo [29435]
ORA-06512: em "SYS.UTL_FILE", line 536
ORA-06512: em "SYS.UTL_FILE", line 41
ORA-06512: em "SYS.UTL_FILE", line 478
ORA-06512: em "CONSINCO.ESP_PKG_EDI_REDEBRASIL", line 549
ORA-06512: em "CONSINCO.ESP_PKG_EDI_REDEBRASIL", line 549
ORA-06512: em line 1
--------------------------------------------------------------------------------
[2024-12-11 08:30:50] Data: 01/07/2024 - Empresa: 43 - Erro: ORA-29283: operação de arquivo inválida: não é possível abrir o arquivo [29435]
ORA-06512: em "SYS.UTL_FILE", line 536
ORA-06512: em "SYS.UTL_FILE", line 41
ORA-06512: em "SYS.UTL_FILE", line 478
ORA-06512: em "CONSINCO.ESP_PKG_EDI_REDEBRASIL", line 549
ORA-06512: em "CONSINCO.ESP_PKG_EDI_REDEBRASIL", line 549
ORA-06512: em line 1
--------------------------------------------------------------------------------
[2024-12-11 08:30:55] Data: 02/07/2024 - Empresa: 14 - Erro: ORA-29283: operação de arquivo inválida: não é possível abrir o arquivo [29435]
ORA-06512: em "SYS.UTL_FILE", line 536
ORA-06512: em "SYS.UTL_FILE", line 41
ORA-06512: em "SYS.UTL_FILE", line 478
ORA-06512: em "CONSINCO.ESP_PKG_EDI_REDEBRASIL", line 549
ORA-06512: em "CONSINCO.ESP_PKG_EDI_REDEBRASIL", line 549
ORA-06512: em line 1
--------------------------------------------------------------------------------
[2024-12-11 08:30:57] Data: 02/07/2024 - Empresa: 18 - Erro: ORA-29283: operação de arquivo inválida: não é possível abrir o arquivo [29435]
ORA-06512: em "SYS.UTL_FILE", line 536
ORA-06512: em "SYS.UTL_FILE", line 41
ORA-06512: em "SYS.UTL_FILE", line 478
ORA-06512: em "CONSINCO.ESP_PKG_EDI_REDEBRASIL", line 549
ORA-06512: em "CONSINCO.ESP_PKG_EDI_REDEBRASIL", line 549
ORA-06512: em line 1
--------------------------------------------------------------------------------
[2024-12-11 08:30:58] Data: 02/07/2024 - Empresa: 19 - Erro: ORA-29283: operação de arquivo inválida: não é possível abrir o arquivo [29435]
ORA-06512: em "SYS.UTL_FILE", line 536
ORA-06512: em "SYS.UTL_FILE", line 41
ORA-06512: em "SYS.UTL_FILE", line 478
ORA-06512: em "CONSINCO.ESP_PKG_EDI_REDEBRASIL", line 549
ORA-06512: em "CONSINCO.ESP_PKG_EDI_REDEBRASIL", line 549
ORA-06512: em line 1
--------------------------------------------------------------------------------
[2024-12-13 18:28:30] Data: 21/01/2024 - Empresa: 29 - Erro: DPI-1080: connection was closed by ORA-3113
--------------------------------------------------------------------------------
[2024-12-13 19:02:43] Data: 24/01/2024 - Empresa: 29 - Erro: DPI-1080: connection was closed by ORA-3113
--------------------------------------------------------------------------------
[2024-12-13 19:03:31] Data: 18/03/2024 - Empresa: 42 - Erro: DPI-1010: not connected
--------------------------------------------------------------------------------
[2024-12-13 19:03:31] Data: 22/03/2024 - Empresa: 42 - Erro: DPI-1010: not connected
--------------------------------------------------------------------------------
[2024-12-13 19:03:32] Data: 29/03/2024 - Empresa: 42 - Erro: DPI-1010: not connected
--------------------------------------------------------------------------------
[2024-12-13 19:03:32] Data: 14/04/2024 - Empresa: 42 - Erro: DPI-1010: not connected
--------------------------------------------------------------------------------
[2024-12-13 19:03:33] Data: 02/05/2024 - Empresa: 42 - Erro: DPI-1010: not connected
--------------------------------------------------------------------------------
[2024-12-13 19:03:33] Data: 13/05/2024 - Empresa: 42 - Erro: DPI-1010: not connected
--------------------------------------------------------------------------------
[2024-12-13 19:03:33] Data: 23/05/2024 - Empresa: 42 - Erro: DPI-1010: not connected
--------------------------------------------------------------------------------
[2024-12-13 19:03:34] Data: 30/05/2024 - Empresa: 42 - Erro: DPI-1010: not connected
--------------------------------------------------------------------------------
[2024-12-13 19:03:35] Data: 09/06/2024 - Empresa: 42 - Erro: DPI-1010: not connected
--------------------------------------------------------------------------------
[2024-12-13 19:03:35] Data: 24/06/2024 - Empresa: 42 - Erro: DPI-1010: not connected
--------------------------------------------------------------------------------
[2024-12-13 19:05:17] Data: 07/05/2024 - Empresa: 9 - Erro: DPI-1010: not connected
--------------------------------------------------------------------------------
[2024-12-13 19:05:17] Data: 12/05/2024 - Empresa: 9 - Erro: DPI-1010: not connected
--------------------------------------------------------------------------------
[2024-12-13 19:05:18] Data: 18/05/2024 - Empresa: 9 - Erro: DPI-1010: not connected
--------------------------------------------------------------------------------
[2024-12-13 19:05:18] Data: 19/05/2024 - Empresa: 9 - Erro: DPI-1010: not connected
--------------------------------------------------------------------------------
[2024-12-13 19:05:19] Data: 29/05/2024 - Empresa: 9 - Erro: DPI-1010: not connected
--------------------------------------------------------------------------------
[2024-12-13 19:05:19] Data: 30/05/2024 - Empresa: 9 - Erro: DPI-1010: not connected
--------------------------------------------------------------------------------
[2024-12-13 19:05:19] Data: 04/06/2024 - Empresa: 9 - Erro: DPI-1010: not connected
--------------------------------------------------------------------------------
[2024-12-13 19:05:20] Data: 10/06/2024 - Empresa: 9 - Erro: DPI-1010: not connected
--------------------------------------------------------------------------------
[2024-12-13 19:05:20] Data: 11/06/2024 - Empresa: 9 - Erro: DPI-1010: not connected
--------------------------------------------------------------------------------
[2024-12-13 19:05:20] Data: 16/06/2024 - Empresa: 9 - Erro: DPI-1010: not connected
--------------------------------------------------------------------------------
[2024-12-13 19:05:21] Data: 22/06/2024 - Empresa: 9 - Erro: DPI-1010: not connected
--------------------------------------------------------------------------------
[2024-12-13 19:05:21] Data: 24/06/2024 - Empresa: 9 - Erro: DPI-1010: not connected
--------------------------------------------------------------------------------
[2024-12-13 19:05:21] Data: 28/06/2024 - Empresa: 9 - Erro: DPI-1010: not connected
--------------------------------------------------------------------------------
[2024-12-13 19:11:07] Data: 20/03/2024 - Empresa: 42 - Erro: DPI-1010: not connected
--------------------------------------------------------------------------------
[2024-12-13 19:11:08] Data: 02/04/2024 - Empresa: 42 - Erro: DPI-1010: not connected
--------------------------------------------------------------------------------
[2024-12-13 19:11:08] Data: 04/04/2024 - Empresa: 42 - Erro: DPI-1010: not connected
--------------------------------------------------------------------------------
[2024-12-13 19:11:08] Data: 21/04/2024 - Empresa: 42 - Erro: DPI-1010: not connected
--------------------------------------------------------------------------------
[2024-12-13 19:11:09] Data: 17/05/2024 - Empresa: 42 - Erro: DPI-1010: not connected
--------------------------------------------------------------------------------
[2024-12-13 19:11:09] Data: 18/05/2024 - Empresa: 42 - Erro: DPI-1010: not connected
--------------------------------------------------------------------------------
[2024-12-13 19:11:09] Data: 04/06/2024 - Empresa: 42 - Erro: DPI-1010: not connected
--------------------------------------------------------------------------------
[2024-12-13 19:11:10] Data: 25/06/2024 - Empresa: 42 - Erro: DPI-1010: not connected
--------------------------------------------------------------------------------
[2024-12-13 19:11:11] Data: 27/06/2024 - Empresa: 42 - Erro: DPI-1010: not connected
--------------------------------------------------------------------------------
[2024-12-13 19:15:10] Data: 21/03/2024 - Empresa: 42 - Erro: DPI-1010: not connected
--------------------------------------------------------------------------------
[2024-12-13 19:15:10] Data: 23/03/2024 - Empresa: 42 - Erro: DPI-1010: not connected
--------------------------------------------------------------------------------
[2024-12-13 19:15:10] Data: 26/03/2024 - Empresa: 42 - Erro: DPI-1010: not connected
--------------------------------------------------------------------------------
[2024-12-13 19:15:11] Data: 25/04/2024 - Empresa: 42 - Erro: DPI-1010: not connected
--------------------------------------------------------------------------------
[2024-12-13 19:15:11] Data: 03/05/2024 - Empresa: 42 - Erro: DPI-1010: not connected
--------------------------------------------------------------------------------
[2024-12-13 19:15:11] Data: 05/05/2024 - Empresa: 42 - Erro: DPI-1010: not connected
--------------------------------------------------------------------------------
[2024-12-13 19:15:12] Data: 01/06/2024 - Empresa: 42 - Erro: DPI-1010: not connected
--------------------------------------------------------------------------------
[2024-12-13 19:15:12] Data: 18/06/2024 - Empresa: 42 - Erro: DPI-1010: not connected
--------------------------------------------------------------------------------
[2024-12-13 19:15:12] Data: 19/06/2024 - Empresa: 42 - Erro: DPI-1010: not connected
--------------------------------------------------------------------------------
[2024-12-13 19:15:13] Data: 29/06/2024 - Empresa: 42 - Erro: DPI-1010: not connected
--------------------------------------------------------------------------------
[2024-12-13 19:24:22] Data: 31/01/2024 - Empresa: 45 - Erro: DPI-1010: not connected
--------------------------------------------------------------------------------
[2024-12-13 19:24:22] Data: 01/02/2024 - Empresa: 45 - Erro: DPI-1010: not connected
--------------------------------------------------------------------------------
[2024-12-13 19:24:22] Data: 04/02/2024 - Empresa: 45 - Erro: DPI-1010: not connected
--------------------------------------------------------------------------------
[2024-12-13 19:24:23] Data: 07/02/2024 - Empresa: 45 - Erro: DPI-1010: not connected
--------------------------------------------------------------------------------
[2024-12-13 19:24:23] Data: 14/02/2024 - Empresa: 45 - Erro: DPI-1010: not connected
--------------------------------------------------------------------------------
[2024-12-13 19:24:24] Data: 20/02/2024 - Empresa: 45 - Erro: DPI-1010: not connected
--------------------------------------------------------------------------------
[2024-12-13 19:24:24] Data: 26/02/2024 - Empresa: 45 - Erro: DPI-1010: not connected
--------------------------------------------------------------------------------
[2024-12-13 19:24:24] Data: 27/02/2024 - Empresa: 45 - Erro: DPI-1010: not connected
--------------------------------------------------------------------------------
[2024-12-13 19:24:25] Data: 02/03/2024 - Empresa: 45 - Erro: DPI-1010: not connected
--------------------------------------------------------------------------------
[2024-12-13 19:24:25] Data: 11/03/2024 - Empresa: 45 - Erro: DPI-1010: not connected
--------------------------------------------------------------------------------
[2024-12-13 19:24:26] Data: 14/03/2024 - Empresa: 45 - Erro: DPI-1010: not connected
--------------------------------------------------------------------------------
[2024-12-13 19:24:26] Data: 20/03/2024 - Empresa: 45 - Erro: DPI-1010: not connected
--------------------------------------------------------------------------------
[2024-12-13 19:24:26] Data: 25/03/2024 - Empresa: 45 - Erro: DPI-1010: not connected
--------------------------------------------------------------------------------
[2024-12-13 19:24:26] Data: 26/03/2024 - Empresa: 45 - Erro: DPI-1010: not connected
--------------------------------------------------------------------------------
[2024-12-13 19:24:27] Data: 30/03/2024 - Empresa: 45 - Erro: DPI-1010: not connected
--------------------------------------------------------------------------------
[2024-12-13 19:24:27] Data: 08/04/2024 - Empresa: 45 - Erro: DPI-1010: not connected
--------------------------------------------------------------------------------
[2024-12-13 19:24:27] Data: 09/04/2024 - Empresa: 45 - Erro: DPI-1010: not connected
--------------------------------------------------------------------------------
[2024-12-13 19:24:28] Data: 13/04/2024 - Empresa: 45 - Erro: DPI-1010: not connected
--------------------------------------------------------------------------------
[2024-12-13 19:24:28] Data: 23/04/2024 - Empresa: 45 - Erro: DPI-1010: not connected
--------------------------------------------------------------------------------
[2024-12-13 19:24:29] Data: 27/04/2024 - Empresa: 45 - Erro: DPI-1010: not connected
--------------------------------------------------------------------------------
[2024-12-13 19:24:30] Data: 07/05/2024 - Empresa: 45 - Erro: DPI-1010: not connected
--------------------------------------------------------------------------------
[2024-12-13 19:24:30] Data: 14/05/2024 - Empresa: 45 - Erro: DPI-1010: not connected
--------------------------------------------------------------------------------
[2024-12-13 19:24:31] Data: 21/05/2024 - Empresa: 45 - Erro: DPI-1010: not connected
--------------------------------------------------------------------------------
[2024-12-13 19:24:31] Data: 27/05/2024 - Empresa: 45 - Erro: DPI-1010: not connected
--------------------------------------------------------------------------------
[2024-12-13 19:24:31] Data: 01/06/2024 - Empresa: 45 - Erro: DPI-1010: not connected
--------------------------------------------------------------------------------
[2024-12-13 19:24:31] Data: 02/06/2024 - Empresa: 45 - Erro: DPI-1010: not connected
--------------------------------------------------------------------------------
[2024-12-13 19:24:32] Data: 06/06/2024 - Empresa: 45 - Erro: DPI-1010: not connected
--------------------------------------------------------------------------------
[2024-12-13 19:24:32] Data: 15/06/2024 - Empresa: 45 - Erro: DPI-1010: not connected
--------------------------------------------------------------------------------
[2024-12-13 19:24:32] Data: 16/06/2024 - Empresa: 45 - Erro: DPI-1010: not connected
--------------------------------------------------------------------------------
[2024-12-13 19:24:33] Data: 20/06/2024 - Empresa: 45 - Erro: DPI-1010: not connected
--------------------------------------------------------------------------------
[2024-12-13 19:24:33] Data: 26/06/2024 - Empresa: 45 - Erro: DPI-1010: not connected
--------------------------------------------------------------------------------
[2024-12-13 19:25:04] Data: 19/04/2024 - Empresa: 5 - Erro: DPI-1010: not connected
--------------------------------------------------------------------------------
[2024-12-13 19:25:04] Data: 27/04/2024 - Empresa: 5 - Erro: DPI-1010: not connected
--------------------------------------------------------------------------------
[2024-12-13 19:25:05] Data: 29/04/2024 - Empresa: 5 - Erro: DPI-1010: not connected
--------------------------------------------------------------------------------
[2024-12-13 19:25:05] Data: 09/05/2024 - Empresa: 5 - Erro: DPI-1010: not connected
--------------------------------------------------------------------------------
[2024-12-13 19:25:05] Data: 12/05/2024 - Empresa: 5 - Erro: DPI-1010: not connected
--------------------------------------------------------------------------------
[2024-12-13 19:25:06] Data: 15/05/2024 - Empresa: 5 - Erro: DPI-1010: not connected
--------------------------------------------------------------------------------
[2024-12-13 19:25:06] Data: 23/05/2024 - Empresa: 5 - Erro: DPI-1010: not connected
--------------------------------------------------------------------------------
[2024-12-13 19:25:06] Data: 27/05/2024 - Empresa: 5 - Erro: DPI-1010: not connected
--------------------------------------------------------------------------------
[2024-12-13 19:25:06] Data: 29/05/2024 - Empresa: 5 - Erro: DPI-1010: not connected
--------------------------------------------------------------------------------
[2024-12-13 19:25:07] Data: 01/06/2024 - Empresa: 5 - Erro: DPI-1010: not connected
--------------------------------------------------------------------------------
[2024-12-13 19:25:07] Data: 10/06/2024 - Empresa: 5 - Erro: DPI-1010: not connected
--------------------------------------------------------------------------------
[2024-12-13 19:25:08] Data: 11/06/2024 - Empresa: 5 - Erro: DPI-1010: not connected
--------------------------------------------------------------------------------
[2024-12-13 19:25:08] Data: 24/06/2024 - Empresa: 5 - Erro: DPI-1010: not connected
--------------------------------------------------------------------------------
[2024-12-13 19:25:09] Data: 25/06/2024 - Empresa: 5 - Erro: DPI-1010: not connected
--------------------------------------------------------------------------------
[2024-12-13 19:44:17] Data: 22/04/2024 - Empresa: 5 - Erro: DPI-1010: not connected
--------------------------------------------------------------------------------
[2024-12-13 19:44:17] Data: 23/04/2024 - Empresa: 5 - Erro: DPI-1010: not connected
--------------------------------------------------------------------------------
[2024-12-13 19:44:18] Data: 30/04/2024 - Empresa: 5 - Erro: DPI-1010: not connected
--------------------------------------------------------------------------------
[2024-12-13 19:44:18] Data: 06/05/2024 - Empresa: 5 - Erro: DPI-1010: not connected
--------------------------------------------------------------------------------
[2024-12-13 19:44:18] Data: 13/05/2024 - Empresa: 5 - Erro: DPI-1010: not connected
--------------------------------------------------------------------------------
[2024-12-13 19:44:19] Data: 18/05/2024 - Empresa: 5 - Erro: DPI-1010: not connected
--------------------------------------------------------------------------------
[2024-12-13 19:44:19] Data: 21/05/2024 - Empresa: 5 - Erro: DPI-1010: not connected
--------------------------------------------------------------------------------
[2024-12-13 19:44:19] Data: 30/05/2024 - Empresa: 5 - Erro: DPI-1010: not connected
--------------------------------------------------------------------------------
[2024-12-13 19:44:19] Data: 02/06/2024 - Empresa: 5 - Erro: DPI-1010: not connected
--------------------------------------------------------------------------------
[2024-12-13 19:44:20] Data: 07/06/2024 - Empresa: 5 - Erro: DPI-1010: not connected
--------------------------------------------------------------------------------
[2024-12-13 19:44:20] Data: 08/06/2024 - Empresa: 5 - Erro: DPI-1010: not connected
--------------------------------------------------------------------------------
[2024-12-13 19:44:20] Data: 15/06/2024 - Empresa: 5 - Erro: DPI-1010: not connected
--------------------------------------------------------------------------------
[2024-12-13 19:44:21] Data: 19/06/2024 - Empresa: 5 - Erro: DPI-1010: not connected
--------------------------------------------------------------------------------
[2024-12-13 19:44:21] Data: 23/06/2024 - Empresa: 5 - Erro: DPI-1010: not connected
--------------------------------------------------------------------------------
[2024-12-13 19:46:18] Data: 11/05/2024 - Empresa: 42 - Erro: DPI-1010: not connected
--------------------------------------------------------------------------------
[2024-12-13 19:46:18] Data: 22/05/2024 - Empresa: 42 - Erro: DPI-1010: not connected
--------------------------------------------------------------------------------
[2024-12-13 19:46:19] Data: 16/06/2024 - Empresa: 42 - Erro: DPI-1010: not connected
--------------------------------------------------------------------------------
[2024-12-13 19:52:08] Data: 31/01/2024 - Empresa: 16 - Erro: DPI-1010: not connected
--------------------------------------------------------------------------------
[2024-12-13 19:52:08] Data: 03/02/2024 - Empresa: 16 - Erro: DPI-1010: not connected
--------------------------------------------------------------------------------
[2024-12-13 19:52:09] Data: 06/02/2024 - Empresa: 16 - Erro: DPI-1010: not connected
--------------------------------------------------------------------------------
[2024-12-13 19:52:09] Data: 14/02/2024 - Empresa: 16 - Erro: DPI-1010: not connected
--------------------------------------------------------------------------------
[2024-12-13 19:52:09] Data: 17/02/2024 - Empresa: 16 - Erro: DPI-1010: not connected
--------------------------------------------------------------------------------
[2024-12-13 19:52:09] Data: 23/02/2024 - Empresa: 16 - Erro: DPI-1010: not connected
--------------------------------------------------------------------------------
[2024-12-13 19:52:10] Data: 25/02/2024 - Empresa: 16 - Erro: DPI-1010: not connected
--------------------------------------------------------------------------------
[2024-12-13 19:52:10] Data: 05/03/2024 - Empresa: 16 - Erro: DPI-1010: not connected
--------------------------------------------------------------------------------
[2024-12-13 19:52:11] Data: 07/03/2024 - Empresa: 16 - Erro: DPI-1010: not connected
--------------------------------------------------------------------------------
[2024-12-13 19:52:11] Data: 09/03/2024 - Empresa: 16 - Erro: DPI-1010: not connected
--------------------------------------------------------------------------------
[2024-12-13 19:52:11] Data: 12/03/2024 - Empresa: 16 - Erro: DPI-1010: not connected
--------------------------------------------------------------------------------
[2024-12-13 19:52:11] Data: 18/03/2024 - Empresa: 16 - Erro: DPI-1010: not connected
--------------------------------------------------------------------------------
[2024-12-13 19:52:12] Data: 20/03/2024 - Empresa: 16 - Erro: DPI-1010: not connected
--------------------------------------------------------------------------------
[2024-12-13 19:52:12] Data: 29/03/2024 - Empresa: 16 - Erro: DPI-1010: not connected
--------------------------------------------------------------------------------
[2024-12-13 19:52:13] Data: 31/03/2024 - Empresa: 16 - Erro: DPI-1010: not connected
--------------------------------------------------------------------------------
[2024-12-13 19:52:13] Data: 02/04/2024 - Empresa: 16 - Erro: DPI-1010: not connected
--------------------------------------------------------------------------------
[2024-12-13 19:52:13] Data: 06/04/2024 - Empresa: 16 - Erro: DPI-1010: not connected
--------------------------------------------------------------------------------
[2024-12-13 19:52:14] Data: 12/04/2024 - Empresa: 16 - Erro: DPI-1010: not connected
--------------------------------------------------------------------------------
[2024-12-13 19:52:14] Data: 14/04/2024 - Empresa: 16 - Erro: DPI-1010: not connected
--------------------------------------------------------------------------------
[2024-12-13 19:52:14] Data: 16/04/2024 - Empresa: 16 - Erro: DPI-1010: not connected
--------------------------------------------------------------------------------
[2024-12-13 19:52:15] Data: 21/04/2024 - Empresa: 16 - Erro: DPI-1010: not connected
--------------------------------------------------------------------------------
[2024-12-13 19:52:15] Data: 28/04/2024 - Empresa: 16 - Erro: DPI-1010: not connected
--------------------------------------------------------------------------------
[2024-12-13 19:52:15] Data: 04/05/2024 - Empresa: 16 - Erro: DPI-1010: not connected
--------------------------------------------------------------------------------
[2024-12-13 19:52:16] Data: 09/05/2024 - Empresa: 16 - Erro: DPI-1010: not connected
--------------------------------------------------------------------------------
[2024-12-13 19:52:16] Data: 11/05/2024 - Empresa: 16 - Erro: DPI-1010: not connected
--------------------------------------------------------------------------------
[2024-12-13 19:52:17] Data: 19/05/2024 - Empresa: 16 - Erro: DPI-1010: not connected
--------------------------------------------------------------------------------
[2024-12-13 19:52:17] Data: 21/05/2024 - Empresa: 16 - Erro: DPI-1010: not connected
--------------------------------------------------------------------------------
[2024-12-13 19:52:17] Data: 23/05/2024 - Empresa: 16 - Erro: DPI-1010: not connected
--------------------------------------------------------------------------------
[2024-12-13 19:52:17] Data: 28/05/2024 - Empresa: 16 - Erro: DPI-1010: not connected
--------------------------------------------------------------------------------
[2024-12-13 19:52:18] Data: 01/06/2024 - Empresa: 16 - Erro: DPI-1010: not connected
--------------------------------------------------------------------------------
[2024-12-13 19:52:18] Data: 04/06/2024 - Empresa: 16 - Erro: DPI-1010: not connected
--------------------------------------------------------------------------------
[2024-12-13 19:52:18] Data: 06/06/2024 - Empresa: 16 - Erro: DPI-1010: not connected
--------------------------------------------------------------------------------
[2024-12-13 19:52:18] Data: 13/06/2024 - Empresa: 16 - Erro: DPI-1010: not connected
--------------------------------------------------------------------------------
[2024-12-13 19:52:19] Data: 16/06/2024 - Empresa: 16 - Erro: DPI-1010: not connected
--------------------------------------------------------------------------------
[2024-12-13 19:52:19] Data: 18/06/2024 - Empresa: 16 - Erro: DPI-1010: not connected
--------------------------------------------------------------------------------
[2024-12-13 19:52:19] Data: 21/06/2024 - Empresa: 16 - Erro: DPI-1010: not connected
--------------------------------------------------------------------------------
[2024-12-13 19:52:19] Data: 27/06/2024 - Empresa: 16 - Erro: DPI-1010: not connected
--------------------------------------------------------------------------------
[2024-12-13 19:52:20] Data: 29/06/2024 - Empresa: 16 - Erro: DPI-1010: not connected
--------------------------------------------------------------------------------
[2024-12-13 19:55:06] Data: 14/05/2024 - Empresa: 9 - Erro: DPI-1010: not connected
--------------------------------------------------------------------------------
[2024-12-13 19:55:06] Data: 21/05/2024 - Empresa: 9 - Erro: DPI-1010: not connected
--------------------------------------------------------------------------------
[2024-12-13 19:55:06] Data: 25/05/2024 - Empresa: 9 - Erro: DPI-1010: not connected
--------------------------------------------------------------------------------
[2024-12-13 19:55:07] Data: 26/05/2024 - Empresa: 9 - Erro: DPI-1010: not connected
--------------------------------------------------------------------------------
[2024-12-13 19:55:07] Data: 28/05/2024 - Empresa: 9 - Erro: DPI-1010: not connected
--------------------------------------------------------------------------------
[2024-12-13 19:55:07] Data: 02/06/2024 - Empresa: 9 - Erro: DPI-1010: not connected
--------------------------------------------------------------------------------
[2024-12-13 19:55:07] Data: 05/06/2024 - Empresa: 9 - Erro: DPI-1010: not connected
--------------------------------------------------------------------------------
[2024-12-13 19:55:07] Data: 09/06/2024 - Empresa: 9 - Erro: DPI-1010: not connected
--------------------------------------------------------------------------------
[2024-12-13 19:55:08] Data: 15/06/2024 - Empresa: 9 - Erro: DPI-1010: not connected
--------------------------------------------------------------------------------
[2024-12-13 19:55:08] Data: 18/06/2024 - Empresa: 9 - Erro: DPI-1010: not connected
--------------------------------------------------------------------------------
[2024-12-13 19:55:08] Data: 20/06/2024 - Empresa: 9 - Erro: DPI-1010: not connected
--------------------------------------------------------------------------------
[2024-12-13 19:55:08] Data: 25/06/2024 - Empresa: 9 - Erro: DPI-1010: not connected
--------------------------------------------------------------------------------
[2024-12-13 19:55:08] Data: 29/06/2024 - Empresa: 9 - Erro: DPI-1010: not connected
--------------------------------------------------------------------------------
[2024-12-13 19:57:33] Data: 06/02/2024 - Empresa: 45 - Erro: DPI-1010: not connected
--------------------------------------------------------------------------------
[2024-12-13 19:57:33] Data: 09/02/2024 - Empresa: 45 - Erro: DPI-1010: not connected
--------------------------------------------------------------------------------
[2024-12-13 19:57:33] Data: 12/02/2024 - Empresa: 45 - Erro: DPI-1010: not connected
--------------------------------------------------------------------------------
[2024-12-13 19:57:34] Data: 21/02/2024 - Empresa: 45 - Erro: DPI-1010: not connected
--------------------------------------------------------------------------------
[2024-12-13 19:57:34] Data: 22/02/2024 - Empresa: 45 - Erro: DPI-1010: not connected
--------------------------------------------------------------------------------
[2024-12-13 19:57:34] Data: 23/02/2024 - Empresa: 45 - Erro: DPI-1010: not connected
--------------------------------------------------------------------------------
[2024-12-13 19:57:34] Data: 28/02/2024 - Empresa: 45 - Erro: DPI-1010: not connected
--------------------------------------------------------------------------------
[2024-12-13 19:57:34] Data: 01/03/2024 - Empresa: 45 - Erro: DPI-1010: not connected
--------------------------------------------------------------------------------
[2024-12-13 19:57:34] Data: 06/03/2024 - Empresa: 45 - Erro: DPI-1010: not connected
--------------------------------------------------------------------------------
[2024-12-13 19:57:35] Data: 13/03/2024 - Empresa: 45 - Erro: DPI-1010: not connected
--------------------------------------------------------------------------------
[2024-12-13 19:57:35] Data: 15/03/2024 - Empresa: 45 - Erro: DPI-1010: not connected
--------------------------------------------------------------------------------
[2024-12-13 19:57:35] Data: 17/03/2024 - Empresa: 45 - Erro: DPI-1010: not connected
--------------------------------------------------------------------------------
[2024-12-13 19:57:35] Data: 21/03/2024 - Empresa: 45 - Erro: DPI-1010: not connected
--------------------------------------------------------------------------------
[2024-12-13 19:57:35] Data: 24/03/2024 - Empresa: 45 - Erro: DPI-1010: not connected
--------------------------------------------------------------------------------
[2024-12-13 19:57:36] Data: 02/04/2024 - Empresa: 45 - Erro: DPI-1010: not connected
--------------------------------------------------------------------------------
[2024-12-13 19:57:36] Data: 03/04/2024 - Empresa: 45 - Erro: DPI-1010: not connected
--------------------------------------------------------------------------------
[2024-12-13 19:57:36] Data: 06/04/2024 - Empresa: 45 - Erro: DPI-1010: not connected
--------------------------------------------------------------------------------
[2024-12-13 19:57:36] Data: 10/04/2024 - Empresa: 45 - Erro: DPI-1010: not connected
--------------------------------------------------------------------------------
[2024-12-13 19:57:36] Data: 14/04/2024 - Empresa: 45 - Erro: DPI-1010: not connected
--------------------------------------------------------------------------------
[2024-12-13 19:57:37] Data: 20/04/2024 - Empresa: 45 - Erro: DPI-1010: not connected
--------------------------------------------------------------------------------
[2024-12-13 19:57:37] Data: 21/04/2024 - Empresa: 45 - Erro: DPI-1010: not connected
--------------------------------------------------------------------------------
[2024-12-13 19:57:37] Data: 24/04/2024 - Empresa: 45 - Erro: DPI-1010: not connected
--------------------------------------------------------------------------------
[2024-12-13 19:57:37] Data: 26/04/2024 - Empresa: 45 - Erro: DPI-1010: not connected
--------------------------------------------------------------------------------
[2024-12-13 19:57:37] Data: 01/05/2024 - Empresa: 45 - Erro: DPI-1010: not connected
--------------------------------------------------------------------------------
[2024-12-13 19:57:38] Data: 09/05/2024 - Empresa: 45 - Erro: DPI-1010: not connected
--------------------------------------------------------------------------------
[2024-12-13 19:57:38] Data: 10/05/2024 - Empresa: 45 - Erro: DPI-1010: not connected
--------------------------------------------------------------------------------
[2024-12-13 19:57:38] Data: 11/05/2024 - Empresa: 45 - Erro: DPI-1010: not connected
--------------------------------------------------------------------------------
[2024-12-13 19:57:38] Data: 15/05/2024 - Empresa: 45 - Erro: DPI-1010: not connected
--------------------------------------------------------------------------------
[2024-12-13 19:57:38] Data: 17/05/2024 - Empresa: 45 - Erro: DPI-1010: not connected
--------------------------------------------------------------------------------
[2024-12-13 19:57:38] Data: 20/05/2024 - Empresa: 45 - Erro: DPI-1010: not connected
--------------------------------------------------------------------------------
[2024-12-13 19:57:39] Data: 28/05/2024 - Empresa: 45 - Erro: DPI-1010: not connected
--------------------------------------------------------------------------------
[2024-12-13 19:57:39] Data: 29/05/2024 - Empresa: 45 - Erro: DPI-1010: not connected
--------------------------------------------------------------------------------
[2024-12-13 19:57:39] Data: 31/05/2024 - Empresa: 45 - Erro: DPI-1010: not connected
--------------------------------------------------------------------------------
[2024-12-13 19:57:39] Data: 04/06/2024 - Empresa: 45 - Erro: DPI-1010: not connected
--------------------------------------------------------------------------------
[2024-12-13 19:57:39] Data: 08/06/2024 - Empresa: 45 - Erro: DPI-1010: not connected
--------------------------------------------------------------------------------
[2024-12-13 19:57:39] Data: 14/06/2024 - Empresa: 45 - Erro: DPI-1010: not connected
--------------------------------------------------------------------------------
[2024-12-13 19:57:40] Data: 18/06/2024 - Empresa: 45 - Erro: DPI-1010: not connected
--------------------------------------------------------------------------------
[2024-12-13 19:57:40] Data: 19/06/2024 - Empresa: 45 - Erro: DPI-1010: not connected
--------------------------------------------------------------------------------
[2024-12-13 19:57:40] Data: 23/06/2024 - Empresa: 45 - Erro: DPI-1010: not connected
--------------------------------------------------------------------------------
[2024-12-13 19:57:40] Data: 25/06/2024 - Empresa: 45 - Erro: DPI-1010: not connected
--------------------------------------------------------------------------------
[2024-12-13 19:57:40] Data: 30/06/2024 - Empresa: 45 - Erro: DPI-1010: not connected
--------------------------------------------------------------------------------
[2024-12-13 20:06:10] Data: 16/05/2024 - Empresa: 9 - Erro: DPI-1010: not connected
--------------------------------------------------------------------------------
[2024-12-13 20:06:10] Data: 17/05/2024 - Empresa: 9 - Erro: DPI-1010: not connected
--------------------------------------------------------------------------------
[2024-12-13 20:06:10] Data: 23/05/2024 - Empresa: 9 - Erro: DPI-1010: not connected
--------------------------------------------------------------------------------
[2024-12-13 20:06:10] Data: 27/05/2024 - Empresa: 9 - Erro: DPI-1010: not connected
--------------------------------------------------------------------------------
[2024-12-13 20:06:10] Data: 03/06/2024 - Empresa: 9 - Erro: DPI-1010: not connected
--------------------------------------------------------------------------------
[2024-12-13 20:06:11] Data: 12/06/2024 - Empresa: 9 - Erro: DPI-1010: not connected
--------------------------------------------------------------------------------
[2024-12-13 20:06:11] Data: 13/06/2024 - Empresa: 9 - Erro: DPI-1010: not connected
--------------------------------------------------------------------------------
[2024-12-13 20:06:11] Data: 14/06/2024 - Empresa: 9 - Erro: DPI-1010: not connected
--------------------------------------------------------------------------------
[2024-12-13 20:06:11] Data: 21/06/2024 - Empresa: 9 - Erro: DPI-1010: not connected
--------------------------------------------------------------------------------
[2024-12-13 20:06:11] Data: 30/06/2024 - Empresa: 9 - Erro: DPI-1010: not connected
--------------------------------------------------------------------------------
[2024-12-13 20:19:37] Data: 30/01/2024 - Empresa: 29 - Erro: DPI-1010: not connected
--------------------------------------------------------------------------------
[2024-12-13 20:19:37] Data: 02/02/2024 - Empresa: 29 - Erro: DPI-1010: not connected
--------------------------------------------------------------------------------
[2024-12-13 20:19:37] Data: 05/02/2024 - Empresa: 29 - Erro: DPI-1010: not connected
--------------------------------------------------------------------------------
[2024-12-13 20:19:37] Data: 08/02/2024 - Empresa: 29 - Erro: DPI-1010: not connected
--------------------------------------------------------------------------------
[2024-12-13 20:19:38] Data: 09/02/2024 - Empresa: 29 - Erro: DPI-1010: not connected
--------------------------------------------------------------------------------
[2024-12-13 20:19:38] Data: 10/02/2024 - Empresa: 29 - Erro: DPI-1010: not connected
--------------------------------------------------------------------------------
[2024-12-13 20:19:38] Data: 16/02/2024 - Empresa: 29 - Erro: DPI-1010: not connected
--------------------------------------------------------------------------------
[2024-12-13 20:19:38] Data: 17/02/2024 - Empresa: 29 - Erro: DPI-1010: not connected
--------------------------------------------------------------------------------
[2024-12-13 20:19:38] Data: 21/02/2024 - Empresa: 29 - Erro: DPI-1010: not connected
--------------------------------------------------------------------------------
[2024-12-13 20:19:38] Data: 23/02/2024 - Empresa: 29 - Erro: DPI-1010: not connected
--------------------------------------------------------------------------------
[2024-12-13 20:19:39] Data: 24/02/2024 - Empresa: 29 - Erro: DPI-1010: not connected
--------------------------------------------------------------------------------
[2024-12-13 20:19:39] Data: 27/02/2024 - Empresa: 29 - Erro: DPI-1010: not connected
--------------------------------------------------------------------------------
[2024-12-13 20:19:39] Data: 02/03/2024 - Empresa: 29 - Erro: DPI-1010: not connected
--------------------------------------------------------------------------------
[2024-12-13 20:19:39] Data: 05/03/2024 - Empresa: 29 - Erro: DPI-1010: not connected
--------------------------------------------------------------------------------
[2024-12-13 20:19:39] Data: 08/03/2024 - Empresa: 29 - Erro: DPI-1010: not connected
--------------------------------------------------------------------------------
[2024-12-13 20:19:40] Data: 09/03/2024 - Empresa: 29 - Erro: DPI-1010: not connected
--------------------------------------------------------------------------------
[2024-12-13 20:19:40] Data: 10/03/2024 - Empresa: 29 - Erro: DPI-1010: not connected
--------------------------------------------------------------------------------
[2024-12-13 20:19:40] Data: 17/03/2024 - Empresa: 29 - Erro: DPI-1010: not connected
--------------------------------------------------------------------------------
[2024-12-13 20:19:40] Data: 18/03/2024 - Empresa: 29 - Erro: DPI-1010: not connected
--------------------------------------------------------------------------------
[2024-12-13 20:19:40] Data: 22/03/2024 - Empresa: 29 - Erro: DPI-1010: not connected
--------------------------------------------------------------------------------
[2024-12-13 20:19:40] Data: 24/03/2024 - Empresa: 29 - Erro: DPI-1010: not connected
--------------------------------------------------------------------------------
[2024-12-13 20:19:41] Data: 25/03/2024 - Empresa: 29 - Erro: DPI-1010: not connected
--------------------------------------------------------------------------------
[2024-12-13 20:19:41] Data: 27/03/2024 - Empresa: 29 - Erro: DPI-1010: not connected
--------------------------------------------------------------------------------
[2024-12-13 20:19:41] Data: 01/04/2024 - Empresa: 29 - Erro: DPI-1010: not connected
--------------------------------------------------------------------------------
[2024-12-13 20:19:41] Data: 04/04/2024 - Empresa: 29 - Erro: DPI-1010: not connected
--------------------------------------------------------------------------------
[2024-12-13 20:19:41] Data: 07/04/2024 - Empresa: 29 - Erro: DPI-1010: not connected
--------------------------------------------------------------------------------
[2024-12-13 20:19:42] Data: 08/04/2024 - Empresa: 29 - Erro: DPI-1010: not connected
--------------------------------------------------------------------------------
[2024-12-13 20:19:42] Data: 09/04/2024 - Empresa: 29 - Erro: DPI-1010: not connected
--------------------------------------------------------------------------------
[2024-12-13 20:19:42] Data: 14/04/2024 - Empresa: 29 - Erro: DPI-1010: not connected
--------------------------------------------------------------------------------
[2024-12-13 20:19:42] Data: 16/04/2024 - Empresa: 29 - Erro: DPI-1010: not connected
--------------------------------------------------------------------------------
[2024-12-13 20:19:42] Data: 19/04/2024 - Empresa: 29 - Erro: DPI-1010: not connected
--------------------------------------------------------------------------------
[2024-12-13 20:19:42] Data: 22/04/2024 - Empresa: 29 - Erro: DPI-1010: not connected
--------------------------------------------------------------------------------
[2024-12-13 20:19:43] Data: 23/04/2024 - Empresa: 29 - Erro: DPI-1010: not connected
--------------------------------------------------------------------------------
[2024-12-13 20:19:43] Data: 25/04/2024 - Empresa: 29 - Erro: DPI-1010: not connected
--------------------------------------------------------------------------------
[2024-12-13 20:19:43] Data: 01/05/2024 - Empresa: 29 - Erro: DPI-1010: not connected
--------------------------------------------------------------------------------
[2024-12-13 20:19:43] Data: 04/05/2024 - Empresa: 29 - Erro: DPI-1010: not connected
--------------------------------------------------------------------------------
[2024-12-13 20:19:43] Data: 07/05/2024 - Empresa: 29 - Erro: DPI-1010: not connected
--------------------------------------------------------------------------------
[2024-12-13 20:19:44] Data: 08/05/2024 - Empresa: 29 - Erro: DPI-1010: not connected
--------------------------------------------------------------------------------
[2024-12-13 20:19:44] Data: 09/05/2024 - Empresa: 29 - Erro: DPI-1010: not connected
--------------------------------------------------------------------------------
[2024-12-13 20:19:44] Data: 15/05/2024 - Empresa: 29 - Erro: DPI-1010: not connected
--------------------------------------------------------------------------------
[2024-12-13 20:19:44] Data: 17/05/2024 - Empresa: 29 - Erro: DPI-1010: not connected
--------------------------------------------------------------------------------
[2024-12-13 20:19:44] Data: 20/05/2024 - Empresa: 29 - Erro: DPI-1010: not connected
--------------------------------------------------------------------------------
[2024-12-13 20:19:44] Data: 23/05/2024 - Empresa: 29 - Erro: DPI-1010: not connected
--------------------------------------------------------------------------------
[2024-12-13 20:19:45] Data: 25/05/2024 - Empresa: 29 - Erro: DPI-1010: not connected
--------------------------------------------------------------------------------
[2024-12-13 20:19:45] Data: 27/05/2024 - Empresa: 29 - Erro: DPI-1010: not connected
--------------------------------------------------------------------------------
[2024-12-13 20:19:45] Data: 01/06/2024 - Empresa: 29 - Erro: DPI-1010: not connected
--------------------------------------------------------------------------------
[2024-12-13 20:19:45] Data: 04/06/2024 - Empresa: 29 - Erro: DPI-1010: not connected
--------------------------------------------------------------------------------
[2024-12-13 20:19:45] Data: 07/06/2024 - Empresa: 29 - Erro: DPI-1010: not connected
--------------------------------------------------------------------------------
[2024-12-13 20:19:46] Data: 08/06/2024 - Empresa: 29 - Erro: DPI-1010: not connected
--------------------------------------------------------------------------------
[2024-12-13 20:19:46] Data: 09/06/2024 - Empresa: 29 - Erro: DPI-1010: not connected
--------------------------------------------------------------------------------
[2024-12-13 20:19:46] Data: 13/06/2024 - Empresa: 29 - Erro: DPI-1010: not connected
--------------------------------------------------------------------------------
[2024-12-13 20:19:46] Data: 16/06/2024 - Empresa: 29 - Erro: DPI-1010: not connected
--------------------------------------------------------------------------------
[2024-12-13 20:19:46] Data: 19/06/2024 - Empresa: 29 - Erro: DPI-1010: not connected
--------------------------------------------------------------------------------
[2024-12-13 20:19:46] Data: 22/06/2024 - Empresa: 29 - Erro: DPI-1010: not connected
--------------------------------------------------------------------------------
[2024-12-13 20:19:47] Data: 23/06/2024 - Empresa: 29 - Erro: DPI-1010: not connected
--------------------------------------------------------------------------------
[2024-12-13 20:19:47] Data: 24/06/2024 - Empresa: 29 - Erro: DPI-1010: not connected
--------------------------------------------------------------------------------
[2024-12-13 20:19:47] Data: 30/06/2024 - Empresa: 29 - Erro: DPI-1010: not connected
--------------------------------------------------------------------------------
[2024-12-13 20:22:03] Data: 03/02/2024 - Empresa: 15 - Erro: DPI-1010: not connected
--------------------------------------------------------------------------------
[2024-12-13 20:22:03] Data: 07/02/2024 - Empresa: 15 - Erro: DPI-1010: not connected
--------------------------------------------------------------------------------
[2024-12-13 20:22:03] Data: 10/02/2024 - Empresa: 15 - Erro: DPI-1010: not connected
--------------------------------------------------------------------------------
[2024-12-13 20:22:03] Data: 12/02/2024 - Empresa: 15 - Erro: DPI-1010: not connected
--------------------------------------------------------------------------------
[2024-12-13 20:22:04] Data: 13/02/2024 - Empresa: 15 - Erro: DPI-1010: not connected
--------------------------------------------------------------------------------
[2024-12-13 20:22:04] Data: 16/02/2024 - Empresa: 15 - Erro: DPI-1010: not connected
--------------------------------------------------------------------------------
[2024-12-13 20:22:04] Data: 20/02/2024 - Empresa: 15 - Erro: DPI-1010: not connected
--------------------------------------------------------------------------------
[2024-12-13 20:22:04] Data: 22/02/2024 - Empresa: 15 - Erro: DPI-1010: not connected
--------------------------------------------------------------------------------
[2024-12-13 20:22:04] Data: 25/02/2024 - Empresa: 15 - Erro: DPI-1010: not connected
--------------------------------------------------------------------------------
[2024-12-13 20:22:05] Data: 27/02/2024 - Empresa: 15 - Erro: DPI-1010: not connected
--------------------------------------------------------------------------------
[2024-12-13 20:22:05] Data: 28/02/2024 - Empresa: 15 - Erro: DPI-1010: not connected
--------------------------------------------------------------------------------
[2024-12-13 20:22:05] Data: 03/03/2024 - Empresa: 15 - Erro: DPI-1010: not connected
--------------------------------------------------------------------------------
[2024-12-13 20:22:05] Data: 07/03/2024 - Empresa: 15 - Erro: DPI-1010: not connected
--------------------------------------------------------------------------------
[2024-12-13 20:22:05] Data: 10/03/2024 - Empresa: 15 - Erro: DPI-1010: not connected
--------------------------------------------------------------------------------
[2024-12-13 20:22:05] Data: 12/03/2024 - Empresa: 15 - Erro: DPI-1010: not connected
--------------------------------------------------------------------------------
[2024-12-13 20:22:06] Data: 13/03/2024 - Empresa: 15 - Erro: DPI-1010: not connected
--------------------------------------------------------------------------------
[2024-12-13 20:22:06] Data: 16/03/2024 - Empresa: 15 - Erro: DPI-1010: not connected
--------------------------------------------------------------------------------
[2024-12-13 20:22:06] Data: 21/03/2024 - Empresa: 15 - Erro: DPI-1010: not connected
--------------------------------------------------------------------------------
[2024-12-13 20:22:06] Data: 22/03/2024 - Empresa: 15 - Erro: DPI-1010: not connected
--------------------------------------------------------------------------------
[2024-12-13 20:22:06] Data: 25/03/2024 - Empresa: 15 - Erro: DPI-1010: not connected
--------------------------------------------------------------------------------
[2024-12-13 20:22:07] Data: 27/03/2024 - Empresa: 15 - Erro: DPI-1010: not connected
--------------------------------------------------------------------------------
[2024-12-13 20:22:07] Data: 28/03/2024 - Empresa: 15 - Erro: DPI-1010: not connected
--------------------------------------------------------------------------------
[2024-12-13 20:22:07] Data: 01/04/2024 - Empresa: 15 - Erro: DPI-1010: not connected
--------------------------------------------------------------------------------
[2024-12-13 20:22:07] Data: 05/04/2024 - Empresa: 15 - Erro: DPI-1010: not connected
--------------------------------------------------------------------------------
[2024-12-13 20:22:07] Data: 09/04/2024 - Empresa: 15 - Erro: DPI-1010: not connected
--------------------------------------------------------------------------------
[2024-12-13 20:22:07] Data: 11/04/2024 - Empresa: 15 - Erro: DPI-1010: not connected
--------------------------------------------------------------------------------
[2024-12-13 20:22:08] Data: 12/04/2024 - Empresa: 15 - Erro: DPI-1010: not connected
--------------------------------------------------------------------------------
[2024-12-13 20:22:08] Data: 15/04/2024 - Empresa: 15 - Erro: DPI-1010: not connected
--------------------------------------------------------------------------------
[2024-12-13 20:22:08] Data: 18/04/2024 - Empresa: 15 - Erro: DPI-1010: not connected
--------------------------------------------------------------------------------
[2024-12-13 20:22:08] Data: 21/04/2024 - Empresa: 15 - Erro: DPI-1010: not connected
--------------------------------------------------------------------------------
[2024-12-13 20:22:08] Data: 24/04/2024 - Empresa: 15 - Erro: DPI-1010: not connected
--------------------------------------------------------------------------------
[2024-12-13 20:22:08] Data: 26/04/2024 - Empresa: 15 - Erro: DPI-1010: not connected
--------------------------------------------------------------------------------
[2024-12-13 20:22:09] Data: 27/04/2024 - Empresa: 15 - Erro: DPI-1010: not connected
--------------------------------------------------------------------------------
[2024-12-13 20:22:09] Data: 30/04/2024 - Empresa: 15 - Erro: DPI-1010: not connected
--------------------------------------------------------------------------------
[2024-12-13 20:22:09] Data: 05/05/2024 - Empresa: 15 - Erro: DPI-1010: not connected
--------------------------------------------------------------------------------
[2024-12-13 20:22:09] Data: 08/05/2024 - Empresa: 15 - Erro: DPI-1010: not connected
--------------------------------------------------------------------------------
[2024-12-13 20:22:09] Data: 10/05/2024 - Empresa: 15 - Erro: DPI-1010: not connected
--------------------------------------------------------------------------------
[2024-12-13 20:22:10] Data: 11/05/2024 - Empresa: 15 - Erro: DPI-1010: not connected
--------------------------------------------------------------------------------
[2024-12-13 20:22:10] Data: 12/05/2024 - Empresa: 15 - Erro: DPI-1010: not connected
--------------------------------------------------------------------------------
[2024-12-13 20:22:10] Data: 16/05/2024 - Empresa: 15 - Erro: DPI-1010: not connected
--------------------------------------------------------------------------------
[2024-12-13 20:22:10] Data: 20/05/2024 - Empresa: 15 - Erro: DPI-1010: not connected
--------------------------------------------------------------------------------
[2024-12-13 20:22:10] Data: 23/05/2024 - Empresa: 15 - Erro: DPI-1010: not connected
--------------------------------------------------------------------------------
[2024-12-13 20:22:10] Data: 25/05/2024 - Empresa: 15 - Erro: DPI-1010: not connected
--------------------------------------------------------------------------------
[2024-12-13 20:22:11] Data: 26/05/2024 - Empresa: 15 - Erro: DPI-1010: not connected
--------------------------------------------------------------------------------
[2024-12-13 20:22:11] Data: 29/05/2024 - Empresa: 15 - Erro: DPI-1010: not connected
--------------------------------------------------------------------------------
[2024-12-13 20:22:11] Data: 01/06/2024 - Empresa: 15 - Erro: DPI-1010: not connected
--------------------------------------------------------------------------------
[2024-12-13 20:22:11] Data: 04/06/2024 - Empresa: 15 - Erro: DPI-1010: not connected
--------------------------------------------------------------------------------
[2024-12-13 20:22:11] Data: 07/06/2024 - Empresa: 15 - Erro: DPI-1010: not connected
--------------------------------------------------------------------------------
[2024-12-13 20:22:11] Data: 09/06/2024 - Empresa: 15 - Erro: DPI-1010: not connected
--------------------------------------------------------------------------------
[2024-12-13 20:22:12] Data: 10/06/2024 - Empresa: 15 - Erro: DPI-1010: not connected
--------------------------------------------------------------------------------
[2024-12-13 20:22:12] Data: 13/06/2024 - Empresa: 15 - Erro: DPI-1010: not connected
--------------------------------------------------------------------------------
[2024-12-13 20:22:12] Data: 18/06/2024 - Empresa: 15 - Erro: DPI-1010: not connected
--------------------------------------------------------------------------------
[2024-12-13 20:22:12] Data: 21/06/2024 - Empresa: 15 - Erro: DPI-1010: not connected
--------------------------------------------------------------------------------
[2024-12-13 20:22:12] Data: 22/06/2024 - Empresa: 15 - Erro: DPI-1010: not connected
--------------------------------------------------------------------------------
[2024-12-13 20:22:13] Data: 24/06/2024 - Empresa: 15 - Erro: DPI-1010: not connected
--------------------------------------------------------------------------------
[2024-12-13 20:22:13] Data: 26/06/2024 - Empresa: 15 - Erro: DPI-1010: not connected
--------------------------------------------------------------------------------
[2024-12-13 20:22:13] Data: 29/06/2024 - Empresa: 15 - Erro: DPI-1010: not connected
--------------------------------------------------------------------------------
[2024-12-13 20:39:15] Data: 04/02/2024 - Empresa: 16 - Erro: DPI-1010: not connected
--------------------------------------------------------------------------------
[2024-12-13 20:39:16] Data: 05/02/2024 - Empresa: 16 - Erro: DPI-1010: not connected
--------------------------------------------------------------------------------
[2024-12-13 20:39:16] Data: 13/02/2024 - Empresa: 16 - Erro: DPI-1010: not connected
--------------------------------------------------------------------------------
[2024-12-13 20:39:16] Data: 15/02/2024 - Empresa: 16 - Erro: DPI-1010: not connected
--------------------------------------------------------------------------------
[2024-12-13 20:39:16] Data: 18/02/2024 - Empresa: 16 - Erro: DPI-1010: not connected
--------------------------------------------------------------------------------
[2024-12-13 20:39:16] Data: 19/02/2024 - Empresa: 16 - Erro: DPI-1010: not connected
--------------------------------------------------------------------------------
[2024-12-13 20:39:17] Data: 21/02/2024 - Empresa: 16 - Erro: DPI-1010: not connected
--------------------------------------------------------------------------------
[2024-12-13 20:39:17] Data: 26/02/2024 - Empresa: 16 - Erro: DPI-1010: not connected
--------------------------------------------------------------------------------
[2024-12-13 20:39:17] Data: 02/03/2024 - Empresa: 16 - Erro: DPI-1010: not connected
--------------------------------------------------------------------------------
[2024-12-13 20:39:17] Data: 03/03/2024 - Empresa: 16 - Erro: DPI-1010: not connected
--------------------------------------------------------------------------------
[2024-12-13 20:39:17] Data: 06/03/2024 - Empresa: 16 - Erro: DPI-1010: not connected
--------------------------------------------------------------------------------
[2024-12-13 20:39:17] Data: 10/03/2024 - Empresa: 16 - Erro: DPI-1010: not connected
--------------------------------------------------------------------------------
[2024-12-13 20:39:18] Data: 13/03/2024 - Empresa: 16 - Erro: DPI-1010: not connected
--------------------------------------------------------------------------------
[2024-12-13 20:39:18] Data: 21/03/2024 - Empresa: 16 - Erro: DPI-1010: not connected
--------------------------------------------------------------------------------
[2024-12-13 20:39:18] Data: 22/03/2024 - Empresa: 16 - Erro: DPI-1010: not connected
--------------------------------------------------------------------------------
[2024-12-13 20:39:18] Data: 24/03/2024 - Empresa: 16 - Erro: DPI-1010: not connected
--------------------------------------------------------------------------------
[2024-12-13 20:39:18] Data: 25/03/2024 - Empresa: 16 - Erro: DPI-1010: not connected
--------------------------------------------------------------------------------
[2024-12-13 20:39:19] Data: 27/03/2024 - Empresa: 16 - Erro: DPI-1010: not connected
--------------------------------------------------------------------------------
[2024-12-13 20:39:19] Data: 30/03/2024 - Empresa: 16 - Erro: DPI-1010: not connected
--------------------------------------------------------------------------------
[2024-12-13 20:39:19] Data: 09/04/2024 - Empresa: 16 - Erro: DPI-1010: not connected
--------------------------------------------------------------------------------
[2024-12-13 20:39:19] Data: 10/04/2024 - Empresa: 16 - Erro: DPI-1010: not connected
--------------------------------------------------------------------------------
[2024-12-13 20:39:19] Data: 13/04/2024 - Empresa: 16 - Erro: DPI-1010: not connected
--------------------------------------------------------------------------------
[2024-12-13 20:39:19] Data: 17/04/2024 - Empresa: 16 - Erro: DPI-1010: not connected
--------------------------------------------------------------------------------
[2024-12-13 20:39:20] Data: 18/04/2024 - Empresa: 16 - Erro: DPI-1010: not connected
--------------------------------------------------------------------------------
[2024-12-13 20:39:20] Data: 26/04/2024 - Empresa: 16 - Erro: DPI-1010: not connected
--------------------------------------------------------------------------------
[2024-12-13 20:39:20] Data: 29/04/2024 - Empresa: 16 - Erro: DPI-1010: not connected
--------------------------------------------------------------------------------
[2024-12-13 20:39:20] Data: 02/05/2024 - Empresa: 16 - Erro: DPI-1010: not connected
--------------------------------------------------------------------------------
[2024-12-13 20:39:20] Data: 03/05/2024 - Empresa: 16 - Erro: DPI-1010: not connected
--------------------------------------------------------------------------------
[2024-12-13 20:39:21] Data: 06/05/2024 - Empresa: 16 - Erro: DPI-1010: not connected
--------------------------------------------------------------------------------
[2024-12-13 20:39:21] Data: 13/05/2024 - Empresa: 16 - Erro: DPI-1010: not connected
--------------------------------------------------------------------------------
[2024-12-13 20:39:21] Data: 16/05/2024 - Empresa: 16 - Erro: DPI-1010: not connected
--------------------------------------------------------------------------------
[2024-12-13 20:39:21] Data: 17/05/2024 - Empresa: 16 - Erro: DPI-1010: not connected
--------------------------------------------------------------------------------
[2024-12-13 20:39:21] Data: 20/05/2024 - Empresa: 16 - Erro: DPI-1010: not connected
--------------------------------------------------------------------------------
[2024-12-13 20:39:21] Data: 24/05/2024 - Empresa: 16 - Erro: DPI-1010: not connected
--------------------------------------------------------------------------------
[2024-12-13 20:39:22] Data: 25/05/2024 - Empresa: 16 - Erro: DPI-1010: not connected
--------------------------------------------------------------------------------
[2024-12-13 20:39:22] Data: 02/06/2024 - Empresa: 16 - Erro: DPI-1010: not connected
--------------------------------------------------------------------------------
[2024-12-13 20:39:22] Data: 05/06/2024 - Empresa: 16 - Erro: DPI-1010: not connected
--------------------------------------------------------------------------------
[2024-12-13 20:39:22] Data: 07/06/2024 - Empresa: 16 - Erro: DPI-1010: not connected
--------------------------------------------------------------------------------
[2024-12-13 20:39:22] Data: 09/06/2024 - Empresa: 16 - Erro: DPI-1010: not connected
--------------------------------------------------------------------------------
[2024-12-13 20:39:22] Data: 11/06/2024 - Empresa: 16 - Erro: DPI-1010: not connected
--------------------------------------------------------------------------------
[2024-12-13 20:39:23] Data: 12/06/2024 - Empresa: 16 - Erro: DPI-1010: not connected
--------------------------------------------------------------------------------
[2024-12-13 20:39:23] Data: 24/06/2024 - Empresa: 16 - Erro: DPI-1010: not connected
--------------------------------------------------------------------------------
[2024-12-13 20:39:23] Data: 25/06/2024 - Empresa: 16 - Erro: DPI-1010: not connected
--------------------------------------------------------------------------------
[2024-12-13 20:39:23] Data: 28/06/2024 - Empresa: 16 - Erro: DPI-1010: not connected
--------------------------------------------------------------------------------
[2024-12-13 20:39:23] Data: 30/06/2024 - Empresa: 16 - Erro: DPI-1010: not connected
--------------------------------------------------------------------------------
[2024-12-13 20:42:06] Data: 07/02/2024 - Empresa: 16 - Erro: DPI-1010: not connected
--------------------------------------------------------------------------------
[2024-12-13 20:42:07] Data: 09/02/2024 - Empresa: 16 - Erro: DPI-1010: not connected
--------------------------------------------------------------------------------
[2024-12-13 20:42:07] Data: 16/02/2024 - Empresa: 16 - Erro: DPI-1010: not connected
--------------------------------------------------------------------------------
[2024-12-13 20:42:07] Data: 24/02/2024 - Empresa: 16 - Erro: DPI-1010: not connected
--------------------------------------------------------------------------------
[2024-12-13 20:42:07] Data: 28/02/2024 - Empresa: 16 - Erro: DPI-1010: not connected
--------------------------------------------------------------------------------
[2024-12-13 20:42:07] Data: 04/03/2024 - Empresa: 16 - Erro: DPI-1010: not connected
--------------------------------------------------------------------------------
[2024-12-13 20:42:08] Data: 08/03/2024 - Empresa: 16 - Erro: DPI-1010: not connected
--------------------------------------------------------------------------------
[2024-12-13 20:42:08] Data: 14/03/2024 - Empresa: 16 - Erro: DPI-1010: not connected
--------------------------------------------------------------------------------
[2024-12-13 20:42:08] Data: 26/03/2024 - Empresa: 16 - Erro: DPI-1010: not connected
--------------------------------------------------------------------------------
[2024-12-13 20:42:08] Data: 01/04/2024 - Empresa: 16 - Erro: DPI-1010: not connected
--------------------------------------------------------------------------------
[2024-12-13 20:42:08] Data: 05/04/2024 - Empresa: 16 - Erro: DPI-1010: not connected
--------------------------------------------------------------------------------
[2024-12-13 20:42:08] Data: 08/04/2024 - Empresa: 16 - Erro: DPI-1010: not connected
--------------------------------------------------------------------------------
[2024-12-13 20:42:09] Data: 15/04/2024 - Empresa: 16 - Erro: DPI-1010: not connected
--------------------------------------------------------------------------------
[2024-12-13 20:42:09] Data: 23/04/2024 - Empresa: 16 - Erro: DPI-1010: not connected
--------------------------------------------------------------------------------
[2024-12-13 20:42:09] Data: 30/04/2024 - Empresa: 16 - Erro: DPI-1010: not connected
--------------------------------------------------------------------------------
[2024-12-13 20:42:09] Data: 07/05/2024 - Empresa: 16 - Erro: DPI-1010: not connected
--------------------------------------------------------------------------------
[2024-12-13 20:42:09] Data: 12/05/2024 - Empresa: 16 - Erro: DPI-1010: not connected
--------------------------------------------------------------------------------
[2024-12-13 20:42:10] Data: 14/05/2024 - Empresa: 16 - Erro: DPI-1010: not connected
--------------------------------------------------------------------------------
[2024-12-13 20:42:10] Data: 18/05/2024 - Empresa: 16 - Erro: DPI-1010: not connected
--------------------------------------------------------------------------------
[2024-12-13 20:42:10] Data: 31/05/2024 - Empresa: 16 - Erro: DPI-1010: not connected
--------------------------------------------------------------------------------
[2024-12-13 20:42:10] Data: 08/06/2024 - Empresa: 16 - Erro: DPI-1010: not connected
--------------------------------------------------------------------------------
[2024-12-13 20:42:10] Data: 15/06/2024 - Empresa: 16 - Erro: DPI-1010: not connected
--------------------------------------------------------------------------------
[2024-12-13 20:42:10] Data: 19/06/2024 - Empresa: 16 - Erro: DPI-1010: not connected
--------------------------------------------------------------------------------
[2024-12-13 20:42:11] Data: 22/06/2024 - Empresa: 16 - Erro: DPI-1010: not connected
--------------------------------------------------------------------------------
[2024-12-13 20:51:53] Data: 10/02/2024 - Empresa: 16 - Erro: DPI-1010: not connected
--------------------------------------------------------------------------------
[2024-12-13 20:51:53] Data: 12/02/2024 - Empresa: 16 - Erro: DPI-1010: not connected
--------------------------------------------------------------------------------
[2024-12-13 20:51:53] Data: 22/02/2024 - Empresa: 16 - Erro: DPI-1010: not connected
--------------------------------------------------------------------------------
[2024-12-13 20:51:53] Data: 29/02/2024 - Empresa: 16 - Erro: DPI-1010: not connected
--------------------------------------------------------------------------------
[2024-12-13 20:51:54] Data: 01/03/2024 - Empresa: 16 - Erro: DPI-1010: not connected
--------------------------------------------------------------------------------
[2024-12-13 20:51:54] Data: 17/03/2024 - Empresa: 16 - Erro: DPI-1010: not connected
--------------------------------------------------------------------------------
[2024-12-13 20:51:54] Data: 03/04/2024 - Empresa: 16 - Erro: DPI-1010: not connected
--------------------------------------------------------------------------------
[2024-12-13 20:51:54] Data: 04/04/2024 - Empresa: 16 - Erro: DPI-1010: not connected
--------------------------------------------------------------------------------
[2024-12-13 20:51:54] Data: 19/04/2024 - Empresa: 16 - Erro: DPI-1010: not connected
--------------------------------------------------------------------------------
[2024-12-13 20:51:55] Data: 22/04/2024 - Empresa: 16 - Erro: DPI-1010: not connected
--------------------------------------------------------------------------------
[2024-12-13 20:51:55] Data: 24/04/2024 - Empresa: 16 - Erro: DPI-1010: not connected
--------------------------------------------------------------------------------
[2024-12-13 20:51:55] Data: 15/05/2024 - Empresa: 16 - Erro: DPI-1010: not connected
--------------------------------------------------------------------------------
[2024-12-13 20:51:55] Data: 27/05/2024 - Empresa: 16 - Erro: DPI-1010: not connected
--------------------------------------------------------------------------------
[2024-12-13 20:51:55] Data: 30/05/2024 - Empresa: 16 - Erro: DPI-1010: not connected
--------------------------------------------------------------------------------
[2024-12-13 20:51:55] Data: 10/06/2024 - Empresa: 16 - Erro: DPI-1010: not connected
--------------------------------------------------------------------------------
[2024-12-13 20:51:56] Data: 17/06/2024 - Empresa: 16 - Erro: DPI-1010: not connected
--------------------------------------------------------------------------------
[2024-12-13 20:53:54] Data: 17/02/2024 - Empresa: 45 - Erro: DPI-1010: not connected
--------------------------------------------------------------------------------
[2024-12-13 20:53:54] Data: 03/03/2024 - Empresa: 45 - Erro: DPI-1010: not connected
--------------------------------------------------------------------------------
[2024-12-13 20:53:54] Data: 08/03/2024 - Empresa: 45 - Erro: DPI-1010: not connected
--------------------------------------------------------------------------------
[2024-12-13 20:53:54] Data: 10/03/2024 - Empresa: 45 - Erro: DPI-1010: not connected
--------------------------------------------------------------------------------
[2024-12-13 20:53:55] Data: 16/03/2024 - Empresa: 45 - Erro: DPI-1010: not connected
--------------------------------------------------------------------------------
[2024-12-13 20:53:55] Data: 18/03/2024 - Empresa: 45 - Erro: DPI-1010: not connected
--------------------------------------------------------------------------------
[2024-12-13 20:53:55] Data: 28/03/2024 - Empresa: 45 - Erro: DPI-1010: not connected
--------------------------------------------------------------------------------
[2024-12-13 20:53:55] Data: 04/04/2024 - Empresa: 45 - Erro: DPI-1010: not connected
--------------------------------------------------------------------------------
[2024-12-13 20:53:55] Data: 07/04/2024 - Empresa: 45 - Erro: DPI-1010: not connected
--------------------------------------------------------------------------------
[2024-12-13 20:53:55] Data: 11/04/2024 - Empresa: 45 - Erro: DPI-1010: not connected
--------------------------------------------------------------------------------
[2024-12-13 20:53:56] Data: 15/04/2024 - Empresa: 45 - Erro: DPI-1010: not connected
--------------------------------------------------------------------------------
[2024-12-13 20:53:56] Data: 16/04/2024 - Empresa: 45 - Erro: DPI-1010: not connected
--------------------------------------------------------------------------------
[2024-12-13 20:53:56] Data: 28/04/2024 - Empresa: 45 - Erro: DPI-1010: not connected
--------------------------------------------------------------------------------
[2024-12-13 20:53:56] Data: 02/05/2024 - Empresa: 45 - Erro: DPI-1010: not connected
--------------------------------------------------------------------------------
[2024-12-13 20:53:56] Data: 04/05/2024 - Empresa: 45 - Erro: DPI-1010: not connected
--------------------------------------------------------------------------------
[2024-12-13 20:53:57] Data: 06/05/2024 - Empresa: 45 - Erro: DPI-1010: not connected
--------------------------------------------------------------------------------
[2024-12-13 20:53:57] Data: 12/05/2024 - Empresa: 45 - Erro: DPI-1010: not connected
--------------------------------------------------------------------------------
[2024-12-13 20:53:57] Data: 19/05/2024 - Empresa: 45 - Erro: DPI-1010: not connected
--------------------------------------------------------------------------------
[2024-12-13 20:53:57] Data: 26/05/2024 - Empresa: 45 - Erro: DPI-1010: not connected
--------------------------------------------------------------------------------
[2024-12-13 20:53:57] Data: 30/05/2024 - Empresa: 45 - Erro: DPI-1010: not connected
--------------------------------------------------------------------------------
[2024-12-13 20:53:57] Data: 05/06/2024 - Empresa: 45 - Erro: DPI-1010: not connected
--------------------------------------------------------------------------------
[2024-12-13 20:53:58] Data: 09/06/2024 - Empresa: 45 - Erro: DPI-1010: not connected
--------------------------------------------------------------------------------
[2024-12-13 20:53:58] Data: 10/06/2024 - Empresa: 45 - Erro: DPI-1010: not connected
--------------------------------------------------------------------------------
[2024-12-13 20:53:58] Data: 21/06/2024 - Empresa: 45 - Erro: DPI-1010: not connected
--------------------------------------------------------------------------------
[2024-12-13 20:53:58] Data: 28/06/2024 - Empresa: 45 - Erro: DPI-1010: not connected
--------------------------------------------------------------------------------
[2024-12-13 20:54:53] Data: 11/02/2024 - Empresa: 16 - Erro: DPI-1010: not connected
--------------------------------------------------------------------------------
[2024-12-13 20:54:53] Data: 27/02/2024 - Empresa: 16 - Erro: DPI-1010: not connected
--------------------------------------------------------------------------------
[2024-12-13 20:54:54] Data: 11/03/2024 - Empresa: 16 - Erro: DPI-1010: not connected
--------------------------------------------------------------------------------
[2024-12-13 20:54:54] Data: 11/04/2024 - Empresa: 16 - Erro: DPI-1010: not connected
--------------------------------------------------------------------------------
[2024-12-13 20:54:54] Data: 08/05/2024 - Empresa: 16 - Erro: DPI-1010: not connected
--------------------------------------------------------------------------------
[2024-12-13 20:54:54] Data: 10/05/2024 - Empresa: 16 - Erro: DPI-1010: not connected
--------------------------------------------------------------------------------
[2024-12-13 20:54:54] Data: 26/05/2024 - Empresa: 16 - Erro: DPI-1010: not connected
--------------------------------------------------------------------------------
[2024-12-13 20:54:55] Data: 03/06/2024 - Empresa: 16 - Erro: DPI-1010: not connected
--------------------------------------------------------------------------------
[2024-12-13 20:54:55] Data: 23/06/2024 - Empresa: 16 - Erro: DPI-1010: not connected
--------------------------------------------------------------------------------
[2024-12-13 21:13:48] Data: 26/04/2024 - Empresa: 2 - Erro: DPI-1010: not connected
--------------------------------------------------------------------------------
[2024-12-13 21:13:49] Data: 30/04/2024 - Empresa: 2 - Erro: DPI-1010: not connected
--------------------------------------------------------------------------------
[2024-12-13 21:13:49] Data: 03/05/2024 - Empresa: 2 - Erro: DPI-1010: not connected
--------------------------------------------------------------------------------
[2024-12-13 21:13:49] Data: 04/05/2024 - Empresa: 2 - Erro: DPI-1010: not connected
--------------------------------------------------------------------------------
[2024-12-13 21:13:49] Data: 06/05/2024 - Empresa: 2 - Erro: DPI-1010: not connected
--------------------------------------------------------------------------------
[2024-12-13 21:13:49] Data: 07/05/2024 - Empresa: 2 - Erro: DPI-1010: not connected
--------------------------------------------------------------------------------
[2024-12-13 21:13:49] Data: 12/05/2024 - Empresa: 2 - Erro: DPI-1010: not connected
--------------------------------------------------------------------------------
[2024-12-13 21:13:50] Data: 17/05/2024 - Empresa: 2 - Erro: DPI-1010: not connected
--------------------------------------------------------------------------------
[2024-12-13 21:13:50] Data: 18/05/2024 - Empresa: 2 - Erro: DPI-1010: not connected
--------------------------------------------------------------------------------
[2024-12-13 21:13:50] Data: 19/05/2024 - Empresa: 2 - Erro: DPI-1010: not connected
--------------------------------------------------------------------------------
[2024-12-13 21:13:50] Data: 20/05/2024 - Empresa: 2 - Erro: DPI-1010: not connected
--------------------------------------------------------------------------------
[2024-12-13 21:13:50] Data: 25/05/2024 - Empresa: 2 - Erro: DPI-1010: not connected
--------------------------------------------------------------------------------
[2024-12-13 21:13:51] Data: 29/05/2024 - Empresa: 2 - Erro: DPI-1010: not connected
--------------------------------------------------------------------------------
[2024-12-13 21:13:51] Data: 31/05/2024 - Empresa: 2 - Erro: DPI-1010: not connected
--------------------------------------------------------------------------------
[2024-12-13 21:13:51] Data: 01/06/2024 - Empresa: 2 - Erro: DPI-1010: not connected
--------------------------------------------------------------------------------
[2024-12-13 21:13:51] Data: 02/06/2024 - Empresa: 2 - Erro: DPI-1010: not connected
--------------------------------------------------------------------------------
[2024-12-13 21:13:51] Data: 03/06/2024 - Empresa: 2 - Erro: DPI-1010: not connected
--------------------------------------------------------------------------------
[2024-12-13 21:13:51] Data: 09/06/2024 - Empresa: 2 - Erro: DPI-1010: not connected
--------------------------------------------------------------------------------
[2024-12-13 21:13:52] Data: 13/06/2024 - Empresa: 2 - Erro: DPI-1010: not connected
--------------------------------------------------------------------------------
[2024-12-13 21:13:52] Data: 14/06/2024 - Empresa: 2 - Erro: DPI-1010: not connected
--------------------------------------------------------------------------------
[2024-12-13 21:13:52] Data: 15/06/2024 - Empresa: 2 - Erro: DPI-1010: not connected
--------------------------------------------------------------------------------
[2024-12-13 21:13:52] Data: 16/06/2024 - Empresa: 2 - Erro: DPI-1010: not connected
--------------------------------------------------------------------------------
[2024-12-13 21:13:52] Data: 21/06/2024 - Empresa: 2 - Erro: DPI-1010: not connected
--------------------------------------------------------------------------------
[2024-12-13 21:13:53] Data: 25/06/2024 - Empresa: 2 - Erro: DPI-1010: not connected
--------------------------------------------------------------------------------
[2024-12-13 21:13:53] Data: 27/06/2024 - Empresa: 2 - Erro: DPI-1010: not connected
--------------------------------------------------------------------------------
[2024-12-13 21:13:53] Data: 28/06/2024 - Empresa: 2 - Erro: DPI-1010: not connected
--------------------------------------------------------------------------------
[2024-12-13 21:13:53] Data: 29/06/2024 - Empresa: 2 - Erro: DPI-1010: not connected
--------------------------------------------------------------------------------
[2024-12-13 21:13:53] Data: 30/06/2024 - Empresa: 2 - Erro: DPI-1010: not connected
--------------------------------------------------------------------------------
[2024-12-13 21:18:49] Data: 14/02/2024 - Empresa: 15 - Erro: DPI-1010: not connected
--------------------------------------------------------------------------------
[2024-12-13 21:18:49] Data: 19/02/2024 - Empresa: 15 - Erro: DPI-1010: not connected
--------------------------------------------------------------------------------
[2024-12-13 21:18:49] Data: 23/02/2024 - Empresa: 15 - Erro: DPI-1010: not connected
--------------------------------------------------------------------------------
[2024-12-13 21:18:49] Data: 24/02/2024 - Empresa: 15 - Erro: DPI-1010: not connected
--------------------------------------------------------------------------------
[2024-12-13 21:18:49] Data: 29/02/2024 - Empresa: 15 - Erro: DPI-1010: not connected
--------------------------------------------------------------------------------
[2024-12-13 21:18:49] Data: 05/03/2024 - Empresa: 15 - Erro: DPI-1010: not connected
--------------------------------------------------------------------------------
[2024-12-13 21:18:50] Data: 08/03/2024 - Empresa: 15 - Erro: DPI-1010: not connected
--------------------------------------------------------------------------------
[2024-12-13 21:18:50] Data: 15/03/2024 - Empresa: 15 - Erro: DPI-1010: not connected
--------------------------------------------------------------------------------
[2024-12-13 21:18:50] Data: 17/03/2024 - Empresa: 15 - Erro: DPI-1010: not connected
--------------------------------------------------------------------------------
[2024-12-13 21:18:50] Data: 19/03/2024 - Empresa: 15 - Erro: DPI-1010: not connected
--------------------------------------------------------------------------------
[2024-12-13 21:18:50] Data: 24/03/2024 - Empresa: 15 - Erro: DPI-1010: not connected
--------------------------------------------------------------------------------
[2024-12-13 21:18:51] Data: 30/03/2024 - Empresa: 15 - Erro: DPI-1010: not connected
--------------------------------------------------------------------------------
[2024-12-13 21:18:51] Data: 03/04/2024 - Empresa: 15 - Erro: DPI-1010: not connected
--------------------------------------------------------------------------------
[2024-12-13 21:18:51] Data: 07/04/2024 - Empresa: 15 - Erro: DPI-1010: not connected
--------------------------------------------------------------------------------
[2024-12-13 21:18:51] Data: 08/04/2024 - Empresa: 15 - Erro: DPI-1010: not connected
--------------------------------------------------------------------------------
[2024-12-13 21:18:51] Data: 13/04/2024 - Empresa: 15 - Erro: DPI-1010: not connected
--------------------------------------------------------------------------------
[2024-12-13 21:18:52] Data: 19/04/2024 - Empresa: 15 - Erro: DPI-1010: not connected
--------------------------------------------------------------------------------
[2024-12-13 21:18:52] Data: 25/04/2024 - Empresa: 15 - Erro: DPI-1010: not connected
--------------------------------------------------------------------------------
[2024-12-13 21:18:52] Data: 29/04/2024 - Empresa: 15 - Erro: DPI-1010: not connected
--------------------------------------------------------------------------------
[2024-12-13 21:18:52] Data: 01/05/2024 - Empresa: 15 - Erro: DPI-1010: not connected
--------------------------------------------------------------------------------
[2024-12-13 21:18:52] Data: 03/05/2024 - Empresa: 15 - Erro: DPI-1010: not connected
--------------------------------------------------------------------------------
[2024-12-13 21:18:53] Data: 09/05/2024 - Empresa: 15 - Erro: DPI-1010: not connected
--------------------------------------------------------------------------------
[2024-12-13 21:18:53] Data: 14/05/2024 - Empresa: 15 - Erro: DPI-1010: not connected
--------------------------------------------------------------------------------
[2024-12-13 21:18:53] Data: 19/05/2024 - Empresa: 15 - Erro: DPI-1010: not connected
--------------------------------------------------------------------------------
[2024-12-13 21:18:53] Data: 21/05/2024 - Empresa: 15 - Erro: DPI-1010: not connected
--------------------------------------------------------------------------------
[2024-12-13 21:18:53] Data: 24/05/2024 - Empresa: 15 - Erro: DPI-1010: not connected
--------------------------------------------------------------------------------
[2024-12-13 21:18:53] Data: 30/05/2024 - Empresa: 15 - Erro: DPI-1010: not connected
--------------------------------------------------------------------------------
[2024-12-13 21:18:54] Data: 03/06/2024 - Empresa: 15 - Erro: DPI-1010: not connected
--------------------------------------------------------------------------------
[2024-12-13 21:18:54] Data: 08/06/2024 - Empresa: 15 - Erro: DPI-1010: not connected
--------------------------------------------------------------------------------
[2024-12-13 21:18:54] Data: 12/06/2024 - Empresa: 15 - Erro: DPI-1010: not connected
--------------------------------------------------------------------------------
[2024-12-13 21:18:54] Data: 14/06/2024 - Empresa: 15 - Erro: DPI-1010: not connected
--------------------------------------------------------------------------------
[2024-12-13 21:18:54] Data: 17/06/2024 - Empresa: 15 - Erro: DPI-1010: not connected
--------------------------------------------------------------------------------
[2024-12-13 21:18:55] Data: 25/06/2024 - Empresa: 15 - Erro: DPI-1010: not connected
--------------------------------------------------------------------------------
[2024-12-13 21:18:55] Data: 27/06/2024 - Empresa: 15 - Erro: DPI-1010: not connected
--------------------------------------------------------------------------------
[2024-12-13 21:23:30] Data: 25/02/2024 - Empresa: 45 - Erro: DPI-1010: not connected
--------------------------------------------------------------------------------
[2024-12-13 21:23:30] Data: 05/03/2024 - Empresa: 45 - Erro: DPI-1010: not connected
--------------------------------------------------------------------------------
[2024-12-13 21:23:30] Data: 09/03/2024 - Empresa: 45 - Erro: DPI-1010: not connected
--------------------------------------------------------------------------------
[2024-12-13 21:23:30] Data: 19/03/2024 - Empresa: 45 - Erro: DPI-1010: not connected
--------------------------------------------------------------------------------
[2024-12-13 21:23:31] Data: 27/03/2024 - Empresa: 45 - Erro: DPI-1010: not connected
--------------------------------------------------------------------------------
[2024-12-13 21:23:31] Data: 12/04/2024 - Empresa: 45 - Erro: DPI-1010: not connected
--------------------------------------------------------------------------------
[2024-12-13 21:23:31] Data: 18/04/2024 - Empresa: 45 - Erro: DPI-1010: not connected
--------------------------------------------------------------------------------
[2024-12-13 21:23:31] Data: 19/04/2024 - Empresa: 45 - Erro: DPI-1010: not connected
--------------------------------------------------------------------------------
[2024-12-13 21:23:31] Data: 25/04/2024 - Empresa: 45 - Erro: DPI-1010: not connected
--------------------------------------------------------------------------------
[2024-12-13 21:23:32] Data: 03/05/2024 - Empresa: 45 - Erro: DPI-1010: not connected
--------------------------------------------------------------------------------
[2024-12-13 21:23:32] Data: 16/05/2024 - Empresa: 45 - Erro: DPI-1010: not connected
--------------------------------------------------------------------------------
[2024-12-13 21:23:32] Data: 24/05/2024 - Empresa: 45 - Erro: DPI-1010: not connected
--------------------------------------------------------------------------------
[2024-12-13 21:23:32] Data: 03/06/2024 - Empresa: 45 - Erro: DPI-1010: not connected
--------------------------------------------------------------------------------
[2024-12-13 21:23:32] Data: 11/06/2024 - Empresa: 45 - Erro: DPI-1010: not connected
--------------------------------------------------------------------------------
[2024-12-13 21:23:32] Data: 13/06/2024 - Empresa: 45 - Erro: DPI-1010: not connected
--------------------------------------------------------------------------------
[2024-12-13 21:23:33] Data: 24/06/2024 - Empresa: 45 - Erro: DPI-1010: not connected
--------------------------------------------------------------------------------
[2024-12-13 21:24:09] Data: 04/05/2024 - Empresa: 5 - Erro: DPI-1010: not connected
--------------------------------------------------------------------------------
[2024-12-13 21:24:09] Data: 07/05/2024 - Empresa: 5 - Erro: DPI-1010: not connected
--------------------------------------------------------------------------------
[2024-12-13 21:24:09] Data: 08/05/2024 - Empresa: 5 - Erro: DPI-1010: not connected
--------------------------------------------------------------------------------
[2024-12-13 21:24:09] Data: 11/05/2024 - Empresa: 5 - Erro: DPI-1010: not connected
--------------------------------------------------------------------------------
[2024-12-13 21:24:10] Data: 17/05/2024 - Empresa: 5 - Erro: DPI-1010: not connected
--------------------------------------------------------------------------------
[2024-12-13 21:24:10] Data: 24/05/2024 - Empresa: 5 - Erro: DPI-1010: not connected
--------------------------------------------------------------------------------
[2024-12-13 21:24:10] Data: 31/05/2024 - Empresa: 5 - Erro: DPI-1010: not connected
--------------------------------------------------------------------------------
[2024-12-13 21:24:10] Data: 04/06/2024 - Empresa: 5 - Erro: DPI-1010: not connected
--------------------------------------------------------------------------------
[2024-12-13 21:24:10] Data: 05/06/2024 - Empresa: 5 - Erro: DPI-1010: not connected
--------------------------------------------------------------------------------
[2024-12-13 21:24:10] Data: 12/06/2024 - Empresa: 5 - Erro: DPI-1010: not connected
--------------------------------------------------------------------------------
[2024-12-13 21:24:11] Data: 16/06/2024 - Empresa: 5 - Erro: DPI-1010: not connected
--------------------------------------------------------------------------------
[2024-12-13 21:24:11] Data: 26/06/2024 - Empresa: 5 - Erro: DPI-1010: not connected
--------------------------------------------------------------------------------
[2024-12-13 21:24:11] Data: 29/06/2024 - Empresa: 5 - Erro: DPI-1010: not connected
--------------------------------------------------------------------------------
[2024-12-13 21:24:11] Data: 30/06/2024 - Empresa: 5 - Erro: DPI-1010: not connected
--------------------------------------------------------------------------------
[2024-12-13 21:31:45] Data: 07/03/2024 - Empresa: 45 - Erro: DPI-1010: not connected
--------------------------------------------------------------------------------
[2024-12-13 21:31:45] Data: 23/03/2024 - Empresa: 45 - Erro: DPI-1010: not connected
--------------------------------------------------------------------------------
[2024-12-13 21:31:45] Data: 01/04/2024 - Empresa: 45 - Erro: DPI-1010: not connected
--------------------------------------------------------------------------------
[2024-12-13 21:31:45] Data: 29/04/2024 - Empresa: 45 - Erro: DPI-1010: not connected
--------------------------------------------------------------------------------
[2024-12-13 21:31:45] Data: 30/04/2024 - Empresa: 45 - Erro: DPI-1010: not connected
--------------------------------------------------------------------------------
[2024-12-13 21:31:46] Data: 18/05/2024 - Empresa: 45 - Erro: DPI-1010: not connected
--------------------------------------------------------------------------------
[2024-12-13 21:31:46] Data: 23/05/2024 - Empresa: 45 - Erro: DPI-1010: not connected
--------------------------------------------------------------------------------
[2024-12-13 21:31:46] Data: 12/06/2024 - Empresa: 45 - Erro: DPI-1010: not connected
--------------------------------------------------------------------------------
[2024-12-13 21:31:46] Data: 27/06/2024 - Empresa: 45 - Erro: DPI-1010: not connected
--------------------------------------------------------------------------------
[2024-12-13 21:52:11] Data: 26/06/2024 - Empresa: 9 - Erro: DPI-1010: not connected
--------------------------------------------------------------------------------
[2024-12-13 22:03:31] Data: 19/05/2024 - Empresa: 5 - Erro: DPI-1010: not connected
--------------------------------------------------------------------------------
[2024-12-13 22:03:31] Data: 03/06/2024 - Empresa: 5 - Erro: DPI-1010: not connected
--------------------------------------------------------------------------------
[2024-12-13 22:03:32] Data: 14/06/2024 - Empresa: 5 - Erro: DPI-1010: not connected
--------------------------------------------------------------------------------
[2024-12-13 22:03:32] Data: 18/06/2024 - Empresa: 5 - Erro: DPI-1010: not connected
--------------------------------------------------------------------------------
[2024-12-13 22:03:32] Data: 21/06/2024 - Empresa: 5 - Erro: DPI-1010: not connected
--------------------------------------------------------------------------------
[2024-12-13 22:37:51] Data: 29/05/2024 - Empresa: 16 - Erro: DPI-1010: not connected
--------------------------------------------------------------------------------
[2024-12-13 23:00:35] Data: 22/02/2024 - Empresa: 29 - Erro: DPI-1010: not connected
--------------------------------------------------------------------------------
[2024-12-13 23:00:36] Data: 26/02/2024 - Empresa: 29 - Erro: DPI-1010: not connected
--------------------------------------------------------------------------------
[2024-12-13 23:00:36] Data: 03/03/2024 - Empresa: 29 - Erro: DPI-1010: not connected
--------------------------------------------------------------------------------
[2024-12-13 23:00:36] Data: 07/03/2024 - Empresa: 29 - Erro: DPI-1010: not connected
--------------------------------------------------------------------------------
[2024-12-13 23:00:36] Data: 14/03/2024 - Empresa: 29 - Erro: DPI-1010: not connected
--------------------------------------------------------------------------------
[2024-12-13 23:00:36] Data: 19/03/2024 - Empresa: 29 - Erro: DPI-1010: not connected
--------------------------------------------------------------------------------
[2024-12-13 23:00:37] Data: 21/03/2024 - Empresa: 29 - Erro: DPI-1010: not connected
--------------------------------------------------------------------------------
[2024-12-13 23:00:37] Data: 26/03/2024 - Empresa: 29 - Erro: DPI-1010: not connected
--------------------------------------------------------------------------------
[2024-12-13 23:00:37] Data: 02/04/2024 - Empresa: 29 - Erro: DPI-1010: not connected
--------------------------------------------------------------------------------
[2024-12-13 23:00:37] Data: 06/04/2024 - Empresa: 29 - Erro: DPI-1010: not connected
--------------------------------------------------------------------------------
[2024-12-13 23:00:37] Data: 12/04/2024 - Empresa: 29 - Erro: DPI-1010: not connected
--------------------------------------------------------------------------------
[2024-12-13 23:00:37] Data: 15/04/2024 - Empresa: 29 - Erro: DPI-1010: not connected
--------------------------------------------------------------------------------
[2024-12-13 23:00:38] Data: 18/04/2024 - Empresa: 29 - Erro: DPI-1010: not connected
--------------------------------------------------------------------------------
[2024-12-13 23:00:38] Data: 26/04/2024 - Empresa: 29 - Erro: DPI-1010: not connected
--------------------------------------------------------------------------------
[2024-12-13 23:00:38] Data: 29/04/2024 - Empresa: 29 - Erro: DPI-1010: not connected
--------------------------------------------------------------------------------
[2024-12-13 23:00:38] Data: 06/05/2024 - Empresa: 29 - Erro: DPI-1010: not connected
--------------------------------------------------------------------------------
[2024-12-13 23:00:38] Data: 11/05/2024 - Empresa: 29 - Erro: DPI-1010: not connected
--------------------------------------------------------------------------------
[2024-12-13 23:00:39] Data: 12/05/2024 - Empresa: 29 - Erro: DPI-1010: not connected
--------------------------------------------------------------------------------
[2024-12-13 23:00:39] Data: 21/05/2024 - Empresa: 29 - Erro: DPI-1010: not connected
--------------------------------------------------------------------------------
[2024-12-13 23:00:39] Data: 29/05/2024 - Empresa: 29 - Erro: DPI-1010: not connected
--------------------------------------------------------------------------------
[2024-12-13 23:00:39] Data: 02/06/2024 - Empresa: 29 - Erro: DPI-1010: not connected
--------------------------------------------------------------------------------
[2024-12-13 23:00:39] Data: 05/06/2024 - Empresa: 29 - Erro: DPI-1010: not connected
--------------------------------------------------------------------------------
[2024-12-13 23:00:40] Data: 06/06/2024 - Empresa: 29 - Erro: DPI-1010: not connected
--------------------------------------------------------------------------------
[2024-12-13 23:00:40] Data: 15/06/2024 - Empresa: 29 - Erro: DPI-1010: not connected
--------------------------------------------------------------------------------
[2024-12-13 23:00:40] Data: 20/06/2024 - Empresa: 29 - Erro: DPI-1010: not connected
--------------------------------------------------------------------------------
[2024-12-13 23:00:40] Data: 26/06/2024 - Empresa: 29 - Erro: DPI-1010: not connected
--------------------------------------------------------------------------------
[2024-12-13 23:00:40] Data: 28/06/2024 - Empresa: 29 - Erro: DPI-1010: not connected
--------------------------------------------------------------------------------
[2024-12-13 23:06:11] Data: 17/06/2024 - Empresa: 45 - Erro: DPI-1010: not connected
--------------------------------------------------------------------------------
[2024-12-13 23:09:05] Data: 22/06/2024 - Empresa: 5 - Erro: DPI-1080: connection was closed by ORA-3113
--------------------------------------------------------------------------------
[2024-12-13 23:11:21] Data: 28/02/2024 - Empresa: 29 - Erro: DPI-1010: not connected
--------------------------------------------------------------------------------
[2024-12-13 23:11:22] Data: 04/03/2024 - Empresa: 29 - Erro: DPI-1010: not connected
--------------------------------------------------------------------------------
[2024-12-13 23:11:22] Data: 13/03/2024 - Empresa: 29 - Erro: DPI-1010: not connected
--------------------------------------------------------------------------------
[2024-12-13 23:11:22] Data: 23/03/2024 - Empresa: 29 - Erro: DPI-1010: not connected
--------------------------------------------------------------------------------
[2024-12-13 23:11:22] Data: 29/03/2024 - Empresa: 29 - Erro: DPI-1010: not connected
--------------------------------------------------------------------------------
[2024-12-13 23:11:22] Data: 03/04/2024 - Empresa: 29 - Erro: DPI-1010: not connected
--------------------------------------------------------------------------------
[2024-12-13 23:11:23] Data: 11/04/2024 - Empresa: 29 - Erro: DPI-1010: not connected
--------------------------------------------------------------------------------
[2024-12-13 23:11:23] Data: 13/04/2024 - Empresa: 29 - Erro: DPI-1010: not connected
--------------------------------------------------------------------------------
[2024-12-13 23:11:23] Data: 27/04/2024 - Empresa: 29 - Erro: DPI-1010: not connected
--------------------------------------------------------------------------------
[2024-12-13 23:11:23] Data: 02/05/2024 - Empresa: 29 - Erro: DPI-1010: not connected
--------------------------------------------------------------------------------
[2024-12-13 23:11:23] Data: 05/05/2024 - Empresa: 29 - Erro: DPI-1010: not connected
--------------------------------------------------------------------------------
[2024-12-13 23:11:23] Data: 16/05/2024 - Empresa: 29 - Erro: DPI-1010: not connected
--------------------------------------------------------------------------------
[2024-12-13 23:11:24] Data: 22/05/2024 - Empresa: 29 - Erro: DPI-1010: not connected
--------------------------------------------------------------------------------
[2024-12-13 23:11:24] Data: 03/06/2024 - Empresa: 29 - Erro: DPI-1010: not connected
--------------------------------------------------------------------------------
[2024-12-13 23:11:24] Data: 11/06/2024 - Empresa: 29 - Erro: DPI-1010: not connected
--------------------------------------------------------------------------------
[2024-12-13 23:11:24] Data: 14/06/2024 - Empresa: 29 - Erro: DPI-1010: not connected
--------------------------------------------------------------------------------
[2024-12-13 23:11:24] Data: 21/06/2024 - Empresa: 29 - Erro: DPI-1010: not connected
--------------------------------------------------------------------------------
[2024-12-13 23:11:25] Data: 29/06/2024 - Empresa: 29 - Erro: DPI-1010: not connected
--------------------------------------------------------------------------------
[2024-12-13 23:13:33] Data: 29/02/2024 - Empresa: 29 - Erro: DPI-1010: not connected
--------------------------------------------------------------------------------
[2024-12-13 23:13:33] Data: 16/03/2024 - Empresa: 29 - Erro: DPI-1010: not connected
--------------------------------------------------------------------------------
[2024-12-13 23:13:33] Data: 28/03/2024 - Empresa: 29 - Erro: DPI-1010: not connected
--------------------------------------------------------------------------------
[2024-12-13 23:13:33] Data: 30/03/2024 - Empresa: 29 - Erro: DPI-1010: not connected
--------------------------------------------------------------------------------
[2024-12-13 23:13:34] Data: 20/04/2024 - Empresa: 29 - Erro: DPI-1010: not connected
--------------------------------------------------------------------------------
[2024-12-13 23:13:34] Data: 21/04/2024 - Empresa: 29 - Erro: DPI-1010: not connected
--------------------------------------------------------------------------------
[2024-12-13 23:13:34] Data: 13/05/2024 - Empresa: 29 - Erro: DPI-1010: not connected
--------------------------------------------------------------------------------
[2024-12-13 23:13:34] Data: 19/05/2024 - Empresa: 29 - Erro: DPI-1010: not connected
--------------------------------------------------------------------------------
[2024-12-13 23:13:34] Data: 28/05/2024 - Empresa: 29 - Erro: DPI-1010: not connected
--------------------------------------------------------------------------------
[2024-12-13 23:13:34] Data: 10/06/2024 - Empresa: 29 - Erro: DPI-1010: not connected
--------------------------------------------------------------------------------
[2024-12-13 23:13:35] Data: 18/06/2024 - Empresa: 29 - Erro: DPI-1010: not connected
--------------------------------------------------------------------------------
[2024-12-13 23:13:35] Data: 27/06/2024 - Empresa: 29 - Erro: DPI-1010: not connected
--------------------------------------------------------------------------------
[2024-12-13 23:28:09] Data: 14/03/2024 - Empresa: 15 - Erro: DPI-1010: not connected
--------------------------------------------------------------------------------
[2024-12-13 23:28:09] Data: 20/03/2024 - Empresa: 15 - Erro: DPI-1010: not connected
--------------------------------------------------------------------------------
[2024-12-13 23:28:09] Data: 04/04/2024 - Empresa: 15 - Erro: DPI-1010: not connected
--------------------------------------------------------------------------------
[2024-12-13 23:28:10] Data: 16/04/2024 - Empresa: 15 - Erro: DPI-1010: not connected
--------------------------------------------------------------------------------
[2024-12-13 23:28:10] Data: 23/04/2024 - Empresa: 15 - Erro: DPI-1010: not connected
--------------------------------------------------------------------------------
[2024-12-13 23:28:10] Data: 04/05/2024 - Empresa: 15 - Erro: DPI-1010: not connected
--------------------------------------------------------------------------------
[2024-12-13 23:28:10] Data: 07/05/2024 - Empresa: 15 - Erro: DPI-1010: not connected
--------------------------------------------------------------------------------
[2024-12-13 23:28:10] Data: 18/05/2024 - Empresa: 15 - Erro: DPI-1010: not connected
--------------------------------------------------------------------------------
[2024-12-13 23:28:11] Data: 31/05/2024 - Empresa: 15 - Erro: DPI-1010: not connected
--------------------------------------------------------------------------------
[2024-12-13 23:28:11] Data: 11/06/2024 - Empresa: 15 - Erro: DPI-1010: not connected
--------------------------------------------------------------------------------
[2024-12-13 23:28:11] Data: 20/06/2024 - Empresa: 15 - Erro: DPI-1010: not connected
--------------------------------------------------------------------------------
[2024-12-13 23:28:11] Data: 23/06/2024 - Empresa: 15 - Erro: DPI-1010: not connected
--------------------------------------------------------------------------------
[2024-12-13 23:30:05] Data: 18/03/2024 - Empresa: 15 - Erro: DPI-1010: not connected
--------------------------------------------------------------------------------
[2024-12-13 23:30:05] Data: 26/03/2024 - Empresa: 15 - Erro: DPI-1010: not connected
--------------------------------------------------------------------------------
[2024-12-13 23:30:06] Data: 10/04/2024 - Empresa: 15 - Erro: DPI-1010: not connected
--------------------------------------------------------------------------------
[2024-12-13 23:30:06] Data: 22/04/2024 - Empresa: 15 - Erro: DPI-1010: not connected
--------------------------------------------------------------------------------
[2024-12-13 23:30:06] Data: 06/05/2024 - Empresa: 15 - Erro: DPI-1010: not connected
--------------------------------------------------------------------------------
[2024-12-13 23:30:06] Data: 15/05/2024 - Empresa: 15 - Erro: DPI-1010: not connected
--------------------------------------------------------------------------------
[2024-12-13 23:30:06] Data: 02/06/2024 - Empresa: 15 - Erro: DPI-1010: not connected
--------------------------------------------------------------------------------
[2024-12-13 23:30:07] Data: 06/06/2024 - Empresa: 15 - Erro: DPI-1010: not connected
--------------------------------------------------------------------------------
[2024-12-13 23:30:07] Data: 30/06/2024 - Empresa: 15 - Erro: DPI-1010: not connected
--------------------------------------------------------------------------------
[2024-12-13 23:32:01] Data: 23/03/2024 - Empresa: 15 - Erro: DPI-1010: not connected
--------------------------------------------------------------------------------
[2024-12-13 23:32:01] Data: 31/03/2024 - Empresa: 15 - Erro: DPI-1010: not connected
--------------------------------------------------------------------------------
[2024-12-13 23:32:01] Data: 20/04/2024 - Empresa: 15 - Erro: DPI-1010: not connected
--------------------------------------------------------------------------------
[2024-12-13 23:32:02] Data: 02/05/2024 - Empresa: 15 - Erro: DPI-1010: not connected
--------------------------------------------------------------------------------
[2024-12-13 23:32:02] Data: 27/05/2024 - Empresa: 15 - Erro: DPI-1010: not connected
--------------------------------------------------------------------------------
[2024-12-13 23:32:02] Data: 19/06/2024 - Empresa: 15 - Erro: DPI-1010: not connected
--------------------------------------------------------------------------------
[2024-12-13 23:54:34] Data: 13/05/2024 - Empresa: 15 - Erro: DPI-1010: not connected
--------------------------------------------------------------------------------
[2024-12-13 23:54:34] Data: 28/05/2024 - Empresa: 15 - Erro: DPI-1010: not connected
--------------------------------------------------------------------------------
[2024-12-13 23:56:19] Data: 17/05/2024 - Empresa: 15 - Erro: DPI-1010: not connected
--------------------------------------------------------------------------------
[2024-12-13 23:56:19] Data: 16/06/2024 - Empresa: 15 - Erro: DPI-1010: not connected
--------------------------------------------------------------------------------
[2024-12-14 00:24:27] Data: 27/05/2024 - Empresa: 2 - Erro: DPI-1010: not connected
--------------------------------------------------------------------------------
[2024-12-14 00:24:27] Data: 04/06/2024 - Empresa: 2 - Erro: DPI-1010: not connected
--------------------------------------------------------------------------------
[2024-12-14 00:24:27] Data: 07/06/2024 - Empresa: 2 - Erro: DPI-1010: not connected
--------------------------------------------------------------------------------
[2024-12-14 00:24:27] Data: 17/06/2024 - Empresa: 2 - Erro: DPI-1010: not connected
--------------------------------------------------------------------------------
[2024-12-14 00:24:28] Data: 19/06/2024 - Empresa: 2 - Erro: DPI-1010: not connected
--------------------------------------------------------------------------------
[2024-12-14 00:24:28] Data: 23/06/2024 - Empresa: 2 - Erro: DPI-1010: not connected
--------------------------------------------------------------------------------
[2024-12-14 00:42:16] Data: 10/04/2024 - Empresa: 29 - Erro: DPI-1010: not connected
--------------------------------------------------------------------------------
[2024-12-14 00:42:16] Data: 17/04/2024 - Empresa: 29 - Erro: DPI-1010: not connected
--------------------------------------------------------------------------------
[2024-12-14 00:42:16] Data: 18/05/2024 - Empresa: 29 - Erro: DPI-1010: not connected
--------------------------------------------------------------------------------
[2024-12-14 00:42:16] Data: 30/05/2024 - Empresa: 29 - Erro: DPI-1010: not connected
--------------------------------------------------------------------------------
[2024-12-14 00:54:31] Data: 08/06/2024 - Empresa: 2 - Erro: DPI-1080: connection was closed by ORA-3113
--------------------------------------------------------------------------------
[2024-12-14 00:56:10] Data: 10/06/2024 - Empresa: 2 - Erro: DPI-1080: connection was closed by ORA-3113
--------------------------------------------------------------------------------
[2024-12-14 01:02:53] Data: 03/05/2024 - Empresa: 29 - Erro: DPI-1080: connection was closed by ORA-3113
--------------------------------------------------------------------------------
[2024-12-14 01:04:08] Data: 12/06/2024 - Empresa: 2 - Erro: DPI-1010: not connected
--------------------------------------------------------------------------------
[2024-12-14 01:10:56] Data: 20/06/2024 - Empresa: 2 - Erro: DPI-1010: not connected
--------------------------------------------------------------------------------
[2024-12-14 01:34:40] Data: 12/06/2024 - Empresa: 29 - Erro: DPI-1010: not connected
--------------------------------------------------------------------------------
[2024-12-14 01:36:12] Data: 17/06/2024 - Empresa: 29 - Erro: DPI-1010: not connected
--------------------------------------------------------------------------------
[2024-12-14 01:36:31] Data: 26/06/2024 - Empresa: 2 - Erro: DPI-1080: connection was closed by ORA-3113
--------------------------------------------------------------------------------
[2024-12-14 01:37:42] Data: 25/06/2024 - Empresa: 29 - Erro: DPI-1010: not connected
--------------------------------------------------------------------------------
[2024-12-14 11:12:36] Data: 10/02/2024 - Empresa: 29 - Erro: DPI-1080: connection was closed by ORA-3113
--------------------------------------------------------------------------------
[2024-12-14 11:14:46] Data: 09/05/2024 - Empresa: 5 - Erro: DPI-1010: not connected
--------------------------------------------------------------------------------
[2024-12-14 11:14:46] Data: 12/05/2024 - Empresa: 5 - Erro: DPI-1010: not connected
--------------------------------------------------------------------------------
[2024-12-14 11:14:46] Data: 15/05/2024 - Empresa: 5 - Erro: DPI-1010: not connected
--------------------------------------------------------------------------------
[2024-12-14 11:14:46] Data: 19/05/2024 - Empresa: 5 - Erro: DPI-1010: not connected
--------------------------------------------------------------------------------
[2024-12-14 11:14:46] Data: 21/05/2024 - Empresa: 5 - Erro: DPI-1010: not connected
--------------------------------------------------------------------------------
[2024-12-14 11:14:46] Data: 24/05/2024 - Empresa: 5 - Erro: DPI-1010: not connected
--------------------------------------------------------------------------------
[2024-12-14 11:14:46] Data: 27/05/2024 - Empresa: 5 - Erro: DPI-1010: not connected
--------------------------------------------------------------------------------
[2024-12-14 11:14:46] Data: 29/05/2024 - Empresa: 5 - Erro: DPI-1010: not connected
--------------------------------------------------------------------------------
[2024-12-14 11:14:47] Data: 31/05/2024 - Empresa: 5 - Erro: DPI-1010: not connected
--------------------------------------------------------------------------------
[2024-12-14 11:14:47] Data: 01/06/2024 - Empresa: 5 - Erro: DPI-1010: not connected
--------------------------------------------------------------------------------
[2024-12-14 11:14:47] Data: 02/06/2024 - Empresa: 5 - Erro: DPI-1010: not connected
--------------------------------------------------------------------------------
[2024-12-14 11:14:47] Data: 04/06/2024 - Empresa: 5 - Erro: DPI-1010: not connected
--------------------------------------------------------------------------------
[2024-12-14 11:14:47] Data: 05/06/2024 - Empresa: 5 - Erro: DPI-1010: not connected
--------------------------------------------------------------------------------
[2024-12-14 11:14:47] Data: 08/06/2024 - Empresa: 5 - Erro: DPI-1010: not connected
--------------------------------------------------------------------------------
[2024-12-14 11:14:47] Data: 12/06/2024 - Empresa: 5 - Erro: DPI-1010: not connected
--------------------------------------------------------------------------------
[2024-12-14 11:14:47] Data: 15/06/2024 - Empresa: 5 - Erro: DPI-1010: not connected
--------------------------------------------------------------------------------
[2024-12-14 11:14:47] Data: 16/06/2024 - Empresa: 5 - Erro: DPI-1010: not connected
--------------------------------------------------------------------------------
[2024-12-14 11:14:47] Data: 21/06/2024 - Empresa: 5 - Erro: DPI-1010: not connected
--------------------------------------------------------------------------------
[2024-12-14 11:14:47] Data: 23/06/2024 - Empresa: 5 - Erro: DPI-1010: not connected
--------------------------------------------------------------------------------
[2024-12-14 11:14:47] Data: 24/06/2024 - Empresa: 5 - Erro: DPI-1010: not connected
--------------------------------------------------------------------------------
[2024-12-14 11:14:47] Data: 25/06/2024 - Empresa: 5 - Erro: DPI-1010: not connected
--------------------------------------------------------------------------------
[2024-12-14 11:14:47] Data: 26/06/2024 - Empresa: 5 - Erro: DPI-1010: not connected
--------------------------------------------------------------------------------
[2024-12-14 11:14:48] Data: 30/06/2024 - Empresa: 5 - Erro: DPI-1010: not connected
--------------------------------------------------------------------------------
[2024-12-14 11:15:43] Data: 16/02/2024 - Empresa: 29 - Erro: DPI-1010: not connected
--------------------------------------------------------------------------------
[2024-12-14 11:15:43] Data: 17/02/2024 - Empresa: 29 - Erro: DPI-1010: not connected
--------------------------------------------------------------------------------
[2024-12-14 11:15:43] Data: 22/02/2024 - Empresa: 29 - Erro: DPI-1010: not connected
--------------------------------------------------------------------------------
[2024-12-14 11:15:43] Data: 23/02/2024 - Empresa: 29 - Erro: DPI-1010: not connected
--------------------------------------------------------------------------------
[2024-12-14 11:15:43] Data: 26/02/2024 - Empresa: 29 - Erro: DPI-1010: not connected
--------------------------------------------------------------------------------
[2024-12-14 11:15:43] Data: 28/02/2024 - Empresa: 29 - Erro: DPI-1010: not connected
--------------------------------------------------------------------------------
[2024-12-14 11:15:43] Data: 02/03/2024 - Empresa: 29 - Erro: DPI-1010: not connected
--------------------------------------------------------------------------------
[2024-12-14 11:15:43] Data: 03/03/2024 - Empresa: 29 - Erro: DPI-1010: not connected
--------------------------------------------------------------------------------
[2024-12-14 11:15:43] Data: 07/03/2024 - Empresa: 29 - Erro: DPI-1010: not connected
--------------------------------------------------------------------------------
[2024-12-14 11:15:43] Data: 09/03/2024 - Empresa: 29 - Erro: DPI-1010: not connected
--------------------------------------------------------------------------------
[2024-12-14 11:15:43] Data: 13/03/2024 - Empresa: 29 - Erro: DPI-1010: not connected
--------------------------------------------------------------------------------
[2024-12-14 11:15:43] Data: 14/03/2024 - Empresa: 29 - Erro: DPI-1010: not connected
--------------------------------------------------------------------------------
[2024-12-14 11:15:44] Data: 17/03/2024 - Empresa: 29 - Erro: DPI-1010: not connected
--------------------------------------------------------------------------------
[2024-12-14 11:15:44] Data: 18/03/2024 - Empresa: 29 - Erro: DPI-1010: not connected
--------------------------------------------------------------------------------
[2024-12-14 11:15:44] Data: 19/03/2024 - Empresa: 29 - Erro: DPI-1010: not connected
--------------------------------------------------------------------------------
[2024-12-14 11:15:44] Data: 21/03/2024 - Empresa: 29 - Erro: DPI-1010: not connected
--------------------------------------------------------------------------------
[2024-12-14 11:15:44] Data: 23/03/2024 - Empresa: 29 - Erro: DPI-1010: not connected
--------------------------------------------------------------------------------
[2024-12-14 11:15:44] Data: 25/03/2024 - Empresa: 29 - Erro: DPI-1010: not connected
--------------------------------------------------------------------------------
[2024-12-14 11:15:44] Data: 27/03/2024 - Empresa: 29 - Erro: DPI-1010: not connected
--------------------------------------------------------------------------------
[2024-12-14 11:15:44] Data: 28/03/2024 - Empresa: 29 - Erro: DPI-1010: not connected
--------------------------------------------------------------------------------
[2024-12-14 11:15:44] Data: 30/03/2024 - Empresa: 29 - Erro: DPI-1010: not connected
--------------------------------------------------------------------------------
[2024-12-14 11:15:44] Data: 03/04/2024 - Empresa: 29 - Erro: DPI-1010: not connected
--------------------------------------------------------------------------------
[2024-12-14 11:15:44] Data: 04/04/2024 - Empresa: 29 - Erro: DPI-1010: not connected
--------------------------------------------------------------------------------
[2024-12-14 11:15:44] Data: 07/04/2024 - Empresa: 29 - Erro: DPI-1010: not connected
--------------------------------------------------------------------------------
[2024-12-14 11:15:44] Data: 09/04/2024 - Empresa: 29 - Erro: DPI-1010: not connected
--------------------------------------------------------------------------------
[2024-12-14 11:15:44] Data: 10/04/2024 - Empresa: 29 - Erro: DPI-1010: not connected
--------------------------------------------------------------------------------
[2024-12-14 11:15:45] Data: 12/04/2024 - Empresa: 29 - Erro: DPI-1010: not connected
--------------------------------------------------------------------------------
[2024-12-14 11:15:45] Data: 13/04/2024 - Empresa: 29 - Erro: DPI-1010: not connected
--------------------------------------------------------------------------------
[2024-12-14 11:15:45] Data: 14/04/2024 - Empresa: 29 - Erro: DPI-1010: not connected
--------------------------------------------------------------------------------
[2024-12-14 11:15:45] Data: 15/04/2024 - Empresa: 29 - Erro: DPI-1010: not connected
--------------------------------------------------------------------------------
[2024-12-14 11:15:45] Data: 17/04/2024 - Empresa: 29 - Erro: DPI-1010: not connected
--------------------------------------------------------------------------------
[2024-12-14 11:15:45] Data: 19/04/2024 - Empresa: 29 - Erro: DPI-1010: not connected
--------------------------------------------------------------------------------
[2024-12-14 11:15:45] Data: 21/04/2024 - Empresa: 29 - Erro: DPI-1010: not connected
--------------------------------------------------------------------------------
[2024-12-14 11:15:45] Data: 22/04/2024 - Empresa: 29 - Erro: DPI-1010: not connected
--------------------------------------------------------------------------------
[2024-12-14 11:15:45] Data: 25/04/2024 - Empresa: 29 - Erro: DPI-1010: not connected
--------------------------------------------------------------------------------
[2024-12-14 11:15:45] Data: 01/05/2024 - Empresa: 29 - Erro: DPI-1010: not connected
--------------------------------------------------------------------------------
[2024-12-14 11:15:45] Data: 02/05/2024 - Empresa: 29 - Erro: DPI-1010: not connected
--------------------------------------------------------------------------------
[2024-12-14 11:15:45] Data: 04/05/2024 - Empresa: 29 - Erro: DPI-1010: not connected
--------------------------------------------------------------------------------
[2024-12-14 11:15:45] Data: 06/05/2024 - Empresa: 29 - Erro: DPI-1010: not connected
--------------------------------------------------------------------------------
[2024-12-14 11:15:45] Data: 07/05/2024 - Empresa: 29 - Erro: DPI-1010: not connected
--------------------------------------------------------------------------------
[2024-12-14 11:15:46] Data: 09/05/2024 - Empresa: 29 - Erro: DPI-1010: not connected
--------------------------------------------------------------------------------
[2024-12-14 11:15:46] Data: 11/05/2024 - Empresa: 29 - Erro: DPI-1010: not connected
--------------------------------------------------------------------------------
[2024-12-14 11:15:46] Data: 12/05/2024 - Empresa: 29 - Erro: DPI-1010: not connected
--------------------------------------------------------------------------------
[2024-12-14 11:15:46] Data: 13/05/2024 - Empresa: 29 - Erro: DPI-1010: not connected
--------------------------------------------------------------------------------
[2024-12-14 11:15:46] Data: 16/05/2024 - Empresa: 29 - Erro: DPI-1010: not connected
--------------------------------------------------------------------------------
[2024-12-14 11:15:46] Data: 18/05/2024 - Empresa: 29 - Erro: DPI-1010: not connected
--------------------------------------------------------------------------------
[2024-12-14 11:15:46] Data: 20/05/2024 - Empresa: 29 - Erro: DPI-1010: not connected
--------------------------------------------------------------------------------
[2024-12-14 11:15:46] Data: 21/05/2024 - Empresa: 29 - Erro: DPI-1010: not connected
--------------------------------------------------------------------------------
[2024-12-14 11:15:46] Data: 23/05/2024 - Empresa: 29 - Erro: DPI-1010: not connected
--------------------------------------------------------------------------------
[2024-12-14 11:15:46] Data: 28/05/2024 - Empresa: 29 - Erro: DPI-1010: not connected
--------------------------------------------------------------------------------
[2024-12-14 11:15:46] Data: 29/05/2024 - Empresa: 29 - Erro: DPI-1010: not connected
--------------------------------------------------------------------------------
[2024-12-14 11:15:46] Data: 01/06/2024 - Empresa: 29 - Erro: DPI-1010: not connected
--------------------------------------------------------------------------------
[2024-12-14 11:15:46] Data: 03/06/2024 - Empresa: 29 - Erro: DPI-1010: not connected
--------------------------------------------------------------------------------
[2024-12-14 11:15:46] Data: 04/06/2024 - Empresa: 29 - Erro: DPI-1010: not connected
--------------------------------------------------------------------------------
[2024-12-14 11:15:47] Data: 06/06/2024 - Empresa: 29 - Erro: DPI-1010: not connected
--------------------------------------------------------------------------------
[2024-12-14 11:15:47] Data: 07/06/2024 - Empresa: 29 - Erro: DPI-1010: not connected
--------------------------------------------------------------------------------
[2024-12-14 11:15:47] Data: 08/06/2024 - Empresa: 29 - Erro: DPI-1010: not connected
--------------------------------------------------------------------------------
[2024-12-14 11:15:47] Data: 09/06/2024 - Empresa: 29 - Erro: DPI-1010: not connected
--------------------------------------------------------------------------------
[2024-12-14 11:15:47] Data: 11/06/2024 - Empresa: 29 - Erro: DPI-1010: not connected
--------------------------------------------------------------------------------
[2024-12-14 11:15:47] Data: 13/06/2024 - Empresa: 29 - Erro: DPI-1010: not connected
--------------------------------------------------------------------------------
[2024-12-14 11:15:47] Data: 15/06/2024 - Empresa: 29 - Erro: DPI-1010: not connected
--------------------------------------------------------------------------------
[2024-12-14 11:15:47] Data: 16/06/2024 - Empresa: 29 - Erro: DPI-1010: not connected
--------------------------------------------------------------------------------
[2024-12-14 11:15:47] Data: 18/06/2024 - Empresa: 29 - Erro: DPI-1010: not connected
--------------------------------------------------------------------------------
[2024-12-14 11:15:47] Data: 21/06/2024 - Empresa: 29 - Erro: DPI-1010: not connected
--------------------------------------------------------------------------------
[2024-12-14 11:15:47] Data: 22/06/2024 - Empresa: 29 - Erro: DPI-1010: not connected
--------------------------------------------------------------------------------
[2024-12-14 11:15:47] Data: 24/06/2024 - Empresa: 29 - Erro: DPI-1010: not connected
--------------------------------------------------------------------------------
[2024-12-14 11:15:47] Data: 26/06/2024 - Empresa: 29 - Erro: DPI-1010: not connected
--------------------------------------------------------------------------------
[2024-12-14 11:15:48] Data: 27/06/2024 - Empresa: 29 - Erro: DPI-1010: not connected
--------------------------------------------------------------------------------
[2024-12-14 11:15:48] Data: 29/06/2024 - Empresa: 29 - Erro: DPI-1010: not connected
--------------------------------------------------------------------------------
[2024-12-14 11:15:48] Data: 30/06/2024 - Empresa: 29 - Erro: DPI-1010: not connected
--------------------------------------------------------------------------------
[2024-12-14 11:17:42] Data: 11/05/2024 - Empresa: 5 - Erro: DPI-1010: not connected
--------------------------------------------------------------------------------
[2024-12-14 11:17:42] Data: 17/05/2024 - Empresa: 5 - Erro: DPI-1010: not connected
--------------------------------------------------------------------------------
[2024-12-14 11:17:42] Data: 30/05/2024 - Empresa: 5 - Erro: DPI-1010: not connected
--------------------------------------------------------------------------------
[2024-12-14 11:17:42] Data: 07/06/2024 - Empresa: 5 - Erro: DPI-1010: not connected
--------------------------------------------------------------------------------
[2024-12-14 11:17:42] Data: 10/06/2024 - Empresa: 5 - Erro: DPI-1010: not connected
--------------------------------------------------------------------------------
[2024-12-14 11:17:42] Data: 14/06/2024 - Empresa: 5 - Erro: DPI-1010: not connected
--------------------------------------------------------------------------------
[2024-12-14 11:17:42] Data: 22/06/2024 - Empresa: 5 - Erro: DPI-1010: not connected
--------------------------------------------------------------------------------
[2024-12-14 11:17:42] Data: 29/06/2024 - Empresa: 5 - Erro: DPI-1010: not connected
--------------------------------------------------------------------------------
[2024-12-14 11:22:08] Data: 19/05/2024 - Empresa: 2 - Erro: DPI-1010: not connected
--------------------------------------------------------------------------------
[2024-12-14 11:22:09] Data: 25/05/2024 - Empresa: 2 - Erro: DPI-1010: not connected
--------------------------------------------------------------------------------
[2024-12-14 11:22:09] Data: 27/05/2024 - Empresa: 2 - Erro: DPI-1010: not connected
--------------------------------------------------------------------------------
[2024-12-14 11:22:09] Data: 31/05/2024 - Empresa: 2 - Erro: DPI-1010: not connected
--------------------------------------------------------------------------------
[2024-12-14 11:22:09] Data: 01/06/2024 - Empresa: 2 - Erro: DPI-1010: not connected
--------------------------------------------------------------------------------
[2024-12-14 11:22:09] Data: 02/06/2024 - Empresa: 2 - Erro: DPI-1010: not connected
--------------------------------------------------------------------------------
[2024-12-14 11:22:09] Data: 03/06/2024 - Empresa: 2 - Erro: DPI-1010: not connected
--------------------------------------------------------------------------------
[2024-12-14 11:22:09] Data: 07/06/2024 - Empresa: 2 - Erro: DPI-1010: not connected
--------------------------------------------------------------------------------
[2024-12-14 11:22:09] Data: 09/06/2024 - Empresa: 2 - Erro: DPI-1010: not connected
--------------------------------------------------------------------------------
[2024-12-14 11:22:09] Data: 12/06/2024 - Empresa: 2 - Erro: DPI-1010: not connected
--------------------------------------------------------------------------------
[2024-12-14 11:22:09] Data: 13/06/2024 - Empresa: 2 - Erro: DPI-1010: not connected
--------------------------------------------------------------------------------
[2024-12-14 11:22:09] Data: 15/06/2024 - Empresa: 2 - Erro: DPI-1010: not connected
--------------------------------------------------------------------------------
[2024-12-14 11:22:09] Data: 17/06/2024 - Empresa: 2 - Erro: DPI-1010: not connected
--------------------------------------------------------------------------------
[2024-12-14 11:22:09] Data: 19/06/2024 - Empresa: 2 - Erro: DPI-1010: not connected
--------------------------------------------------------------------------------
[2024-12-14 11:22:09] Data: 20/06/2024 - Empresa: 2 - Erro: DPI-1010: not connected
--------------------------------------------------------------------------------
[2024-12-14 11:22:10] Data: 23/06/2024 - Empresa: 2 - Erro: DPI-1010: not connected
--------------------------------------------------------------------------------
[2024-12-14 11:22:10] Data: 25/06/2024 - Empresa: 2 - Erro: DPI-1010: not connected
--------------------------------------------------------------------------------
[2024-12-14 11:22:10] Data: 27/06/2024 - Empresa: 2 - Erro: DPI-1010: not connected
--------------------------------------------------------------------------------
[2024-12-14 11:22:10] Data: 28/06/2024 - Empresa: 2 - Erro: DPI-1010: not connected
--------------------------------------------------------------------------------
[2024-12-14 11:22:10] Data: 29/06/2024 - Empresa: 2 - Erro: DPI-1010: not connected
--------------------------------------------------------------------------------
[2024-12-14 11:22:10] Data: 30/06/2024 - Empresa: 2 - Erro: DPI-1010: not connected
--------------------------------------------------------------------------------
[2024-12-14 11:28:21] Data: 14/02/2024 - Empresa: 16 - Erro: DPI-1010: not connected
--------------------------------------------------------------------------------
[2024-12-14 11:28:21] Data: 16/02/2024 - Empresa: 16 - Erro: DPI-1010: not connected
--------------------------------------------------------------------------------
[2024-12-14 11:28:21] Data: 18/02/2024 - Empresa: 16 - Erro: DPI-1010: not connected
--------------------------------------------------------------------------------
[2024-12-14 11:28:21] Data: 21/02/2024 - Empresa: 16 - Erro: DPI-1010: not connected
--------------------------------------------------------------------------------
[2024-12-14 11:28:21] Data: 22/02/2024 - Empresa: 16 - Erro: DPI-1010: not connected
--------------------------------------------------------------------------------
[2024-12-14 11:28:22] Data: 23/02/2024 - Empresa: 16 - Erro: DPI-1010: not connected
--------------------------------------------------------------------------------
[2024-12-14 11:28:22] Data: 25/02/2024 - Empresa: 16 - Erro: DPI-1010: not connected
--------------------------------------------------------------------------------
[2024-12-14 11:28:22] Data: 26/02/2024 - Empresa: 16 - Erro: DPI-1010: not connected
--------------------------------------------------------------------------------
[2024-12-14 11:28:22] Data: 27/02/2024 - Empresa: 16 - Erro: DPI-1010: not connected
--------------------------------------------------------------------------------
[2024-12-14 11:28:22] Data: 28/02/2024 - Empresa: 16 - Erro: DPI-1010: not connected
--------------------------------------------------------------------------------
[2024-12-14 11:28:22] Data: 29/02/2024 - Empresa: 16 - Erro: DPI-1010: not connected
--------------------------------------------------------------------------------
[2024-12-14 11:28:22] Data: 01/03/2024 - Empresa: 16 - Erro: DPI-1010: not connected
--------------------------------------------------------------------------------
[2024-12-14 11:28:22] Data: 04/03/2024 - Empresa: 16 - Erro: DPI-1010: not connected
--------------------------------------------------------------------------------
[2024-12-14 11:28:22] Data: 06/03/2024 - Empresa: 16 - Erro: DPI-1010: not connected
--------------------------------------------------------------------------------
[2024-12-14 11:28:22] Data: 08/03/2024 - Empresa: 16 - Erro: DPI-1010: not connected
--------------------------------------------------------------------------------
[2024-12-14 11:28:22] Data: 09/03/2024 - Empresa: 16 - Erro: DPI-1010: not connected
--------------------------------------------------------------------------------
[2024-12-14 11:28:22] Data: 11/03/2024 - Empresa: 16 - Erro: DPI-1010: not connected
--------------------------------------------------------------------------------
[2024-12-14 11:28:22] Data: 13/03/2024 - Empresa: 16 - Erro: DPI-1010: not connected
--------------------------------------------------------------------------------
[2024-12-14 11:28:23] Data: 14/03/2024 - Empresa: 16 - Erro: DPI-1010: not connected
--------------------------------------------------------------------------------
[2024-12-14 11:28:23] Data: 17/03/2024 - Empresa: 16 - Erro: DPI-1010: not connected
--------------------------------------------------------------------------------
[2024-12-14 11:28:23] Data: 20/03/2024 - Empresa: 16 - Erro: DPI-1010: not connected
--------------------------------------------------------------------------------
[2024-12-14 11:28:23] Data: 21/03/2024 - Empresa: 16 - Erro: DPI-1010: not connected
--------------------------------------------------------------------------------
[2024-12-14 11:28:23] Data: 22/03/2024 - Empresa: 16 - Erro: DPI-1010: not connected
--------------------------------------------------------------------------------
[2024-12-14 11:28:23] Data: 24/03/2024 - Empresa: 16 - Erro: DPI-1010: not connected
--------------------------------------------------------------------------------
[2024-12-14 11:28:23] Data: 25/03/2024 - Empresa: 16 - Erro: DPI-1010: not connected
--------------------------------------------------------------------------------
[2024-12-14 11:28:23] Data: 26/03/2024 - Empresa: 16 - Erro: DPI-1010: not connected
--------------------------------------------------------------------------------
[2024-12-14 11:28:23] Data: 31/03/2024 - Empresa: 16 - Erro: DPI-1010: not connected
--------------------------------------------------------------------------------
[2024-12-14 11:28:23] Data: 01/04/2024 - Empresa: 16 - Erro: DPI-1010: not connected
--------------------------------------------------------------------------------
[2024-12-14 11:28:23] Data: 03/04/2024 - Empresa: 16 - Erro: DPI-1010: not connected
--------------------------------------------------------------------------------
[2024-12-14 11:28:23] Data: 05/04/2024 - Empresa: 16 - Erro: DPI-1010: not connected
--------------------------------------------------------------------------------
[2024-12-14 11:28:23] Data: 06/04/2024 - Empresa: 16 - Erro: DPI-1010: not connected
--------------------------------------------------------------------------------
[2024-12-14 11:28:23] Data: 09/04/2024 - Empresa: 16 - Erro: DPI-1010: not connected
--------------------------------------------------------------------------------
[2024-12-14 11:28:24] Data: 10/04/2024 - Empresa: 16 - Erro: DPI-1010: not connected
--------------------------------------------------------------------------------
[2024-12-14 11:28:24] Data: 12/04/2024 - Empresa: 16 - Erro: DPI-1010: not connected
--------------------------------------------------------------------------------
[2024-12-14 11:28:24] Data: 13/04/2024 - Empresa: 16 - Erro: DPI-1010: not connected
--------------------------------------------------------------------------------
[2024-12-14 11:28:24] Data: 14/04/2024 - Empresa: 16 - Erro: DPI-1010: not connected
--------------------------------------------------------------------------------
[2024-12-14 11:28:24] Data: 15/04/2024 - Empresa: 16 - Erro: DPI-1010: not connected
--------------------------------------------------------------------------------
[2024-12-14 11:28:24] Data: 16/04/2024 - Empresa: 16 - Erro: DPI-1010: not connected
--------------------------------------------------------------------------------
[2024-12-14 11:28:24] Data: 17/04/2024 - Empresa: 16 - Erro: DPI-1010: not connected
--------------------------------------------------------------------------------
[2024-12-14 11:28:24] Data: 21/04/2024 - Empresa: 16 - Erro: DPI-1010: not connected
--------------------------------------------------------------------------------
[2024-12-14 11:28:24] Data: 23/04/2024 - Empresa: 16 - Erro: DPI-1010: not connected
--------------------------------------------------------------------------------
[2024-12-14 11:28:24] Data: 24/04/2024 - Empresa: 16 - Erro: DPI-1010: not connected
--------------------------------------------------------------------------------
[2024-12-14 11:28:24] Data: 28/04/2024 - Empresa: 16 - Erro: DPI-1010: not connected
--------------------------------------------------------------------------------
[2024-12-14 11:28:24] Data: 30/04/2024 - Empresa: 16 - Erro: DPI-1010: not connected
--------------------------------------------------------------------------------
[2024-12-14 11:28:24] Data: 03/05/2024 - Empresa: 16 - Erro: DPI-1010: not connected
--------------------------------------------------------------------------------
[2024-12-14 11:28:24] Data: 04/05/2024 - Empresa: 16 - Erro: DPI-1010: not connected
--------------------------------------------------------------------------------
[2024-12-14 11:28:25] Data: 06/05/2024 - Empresa: 16 - Erro: DPI-1010: not connected
--------------------------------------------------------------------------------
[2024-12-14 11:28:25] Data: 08/05/2024 - Empresa: 16 - Erro: DPI-1010: not connected
--------------------------------------------------------------------------------
[2024-12-14 11:28:25] Data: 09/05/2024 - Empresa: 16 - Erro: DPI-1010: not connected
--------------------------------------------------------------------------------
[2024-12-14 11:28:25] Data: 10/05/2024 - Empresa: 16 - Erro: DPI-1010: not connected
--------------------------------------------------------------------------------
[2024-12-14 11:28:25] Data: 11/05/2024 - Empresa: 16 - Erro: DPI-1010: not connected
--------------------------------------------------------------------------------
[2024-12-14 11:28:25] Data: 12/05/2024 - Empresa: 16 - Erro: DPI-1010: not connected
--------------------------------------------------------------------------------
[2024-12-14 11:28:25] Data: 13/05/2024 - Empresa: 16 - Erro: DPI-1010: not connected
--------------------------------------------------------------------------------
[2024-12-14 11:28:25] Data: 17/05/2024 - Empresa: 16 - Erro: DPI-1010: not connected
--------------------------------------------------------------------------------
[2024-12-14 11:28:25] Data: 18/05/2024 - Empresa: 16 - Erro: DPI-1010: not connected
--------------------------------------------------------------------------------
[2024-12-14 11:28:25] Data: 20/05/2024 - Empresa: 16 - Erro: DPI-1010: not connected
--------------------------------------------------------------------------------
[2024-12-14 11:28:25] Data: 21/05/2024 - Empresa: 16 - Erro: DPI-1010: not connected
--------------------------------------------------------------------------------
[2024-12-14 11:28:25] Data: 24/05/2024 - Empresa: 16 - Erro: DPI-1010: not connected
--------------------------------------------------------------------------------
[2024-12-14 11:28:25] Data: 26/05/2024 - Empresa: 16 - Erro: DPI-1010: not connected
--------------------------------------------------------------------------------
[2024-12-14 11:28:26] Data: 27/05/2024 - Empresa: 16 - Erro: DPI-1010: not connected
--------------------------------------------------------------------------------
[2024-12-14 11:28:26] Data: 28/05/2024 - Empresa: 16 - Erro: DPI-1010: not connected
--------------------------------------------------------------------------------
[2024-12-14 11:28:26] Data: 30/05/2024 - Empresa: 16 - Erro: DPI-1010: not connected
--------------------------------------------------------------------------------
[2024-12-14 11:28:26] Data: 31/05/2024 - Empresa: 16 - Erro: DPI-1010: not connected
--------------------------------------------------------------------------------
[2024-12-14 11:28:26] Data: 01/06/2024 - Empresa: 16 - Erro: DPI-1010: not connected
--------------------------------------------------------------------------------
[2024-12-14 11:28:26] Data: 02/06/2024 - Empresa: 16 - Erro: DPI-1010: not connected
--------------------------------------------------------------------------------
[2024-12-14 11:28:26] Data: 03/06/2024 - Empresa: 16 - Erro: DPI-1010: not connected
--------------------------------------------------------------------------------
[2024-12-14 11:28:26] Data: 04/06/2024 - Empresa: 16 - Erro: DPI-1010: not connected
--------------------------------------------------------------------------------
[2024-12-14 11:28:26] Data: 08/06/2024 - Empresa: 16 - Erro: DPI-1010: not connected
--------------------------------------------------------------------------------
[2024-12-14 11:28:26] Data: 09/06/2024 - Empresa: 16 - Erro: DPI-1010: not connected
--------------------------------------------------------------------------------
[2024-12-14 11:28:26] Data: 11/06/2024 - Empresa: 16 - Erro: DPI-1010: not connected
--------------------------------------------------------------------------------
[2024-12-14 11:28:26] Data: 13/06/2024 - Empresa: 16 - Erro: DPI-1010: not connected
--------------------------------------------------------------------------------
[2024-12-14 11:28:26] Data: 15/06/2024 - Empresa: 16 - Erro: DPI-1010: not connected
--------------------------------------------------------------------------------
[2024-12-14 11:28:26] Data: 17/06/2024 - Empresa: 16 - Erro: DPI-1010: not connected
--------------------------------------------------------------------------------
[2024-12-14 11:28:27] Data: 18/06/2024 - Empresa: 16 - Erro: DPI-1010: not connected
--------------------------------------------------------------------------------
[2024-12-14 11:28:27] Data: 21/06/2024 - Empresa: 16 - Erro: DPI-1010: not connected
--------------------------------------------------------------------------------
[2024-12-14 11:28:27] Data: 23/06/2024 - Empresa: 16 - Erro: DPI-1010: not connected
--------------------------------------------------------------------------------
[2024-12-14 11:28:27] Data: 24/06/2024 - Empresa: 16 - Erro: DPI-1010: not connected
--------------------------------------------------------------------------------
[2024-12-14 11:28:27] Data: 25/06/2024 - Empresa: 16 - Erro: DPI-1010: not connected
--------------------------------------------------------------------------------
[2024-12-14 11:28:27] Data: 27/06/2024 - Empresa: 16 - Erro: DPI-1010: not connected
--------------------------------------------------------------------------------
[2024-12-14 11:28:27] Data: 30/06/2024 - Empresa: 16 - Erro: DPI-1010: not connected
--------------------------------------------------------------------------------
[2024-12-14 11:31:10] Data: 25/02/2024 - Empresa: 15 - Erro: DPI-1010: not connected
--------------------------------------------------------------------------------
[2024-12-14 11:31:10] Data: 27/02/2024 - Empresa: 15 - Erro: DPI-1010: not connected
--------------------------------------------------------------------------------
[2024-12-14 11:31:10] Data: 28/02/2024 - Empresa: 15 - Erro: DPI-1010: not connected
--------------------------------------------------------------------------------
[2024-12-14 11:31:10] Data: 03/03/2024 - Empresa: 15 - Erro: DPI-1010: not connected
--------------------------------------------------------------------------------
[2024-12-14 11:31:10] Data: 07/03/2024 - Empresa: 15 - Erro: DPI-1010: not connected
--------------------------------------------------------------------------------
[2024-12-14 11:31:11] Data: 08/03/2024 - Empresa: 15 - Erro: DPI-1010: not connected
--------------------------------------------------------------------------------
[2024-12-14 11:31:11] Data: 10/03/2024 - Empresa: 15 - Erro: DPI-1010: not connected
--------------------------------------------------------------------------------
[2024-12-14 11:31:11] Data: 13/03/2024 - Empresa: 15 - Erro: DPI-1010: not connected
--------------------------------------------------------------------------------
[2024-12-14 11:31:11] Data: 15/03/2024 - Empresa: 15 - Erro: DPI-1010: not connected
--------------------------------------------------------------------------------
[2024-12-14 11:31:11] Data: 17/03/2024 - Empresa: 15 - Erro: DPI-1010: not connected
--------------------------------------------------------------------------------
[2024-12-14 11:31:11] Data: 18/03/2024 - Empresa: 15 - Erro: DPI-1010: not connected
--------------------------------------------------------------------------------
[2024-12-14 11:31:11] Data: 19/03/2024 - Empresa: 15 - Erro: DPI-1010: not connected
--------------------------------------------------------------------------------
[2024-12-14 11:31:11] Data: 20/03/2024 - Empresa: 15 - Erro: DPI-1010: not connected
--------------------------------------------------------------------------------
[2024-12-14 11:31:11] Data: 24/03/2024 - Empresa: 15 - Erro: DPI-1010: not connected
--------------------------------------------------------------------------------
[2024-12-14 11:31:11] Data: 25/03/2024 - Empresa: 15 - Erro: DPI-1010: not connected
--------------------------------------------------------------------------------
[2024-12-14 11:31:11] Data: 26/03/2024 - Empresa: 15 - Erro: DPI-1010: not connected
--------------------------------------------------------------------------------
[2024-12-14 11:31:11] Data: 27/03/2024 - Empresa: 15 - Erro: DPI-1010: not connected
--------------------------------------------------------------------------------
[2024-12-14 11:31:11] Data: 30/03/2024 - Empresa: 15 - Erro: DPI-1010: not connected
--------------------------------------------------------------------------------
[2024-12-14 11:31:12] Data: 01/04/2024 - Empresa: 15 - Erro: DPI-1010: not connected
--------------------------------------------------------------------------------
[2024-12-14 11:31:12] Data: 03/04/2024 - Empresa: 15 - Erro: DPI-1010: not connected
--------------------------------------------------------------------------------
[2024-12-14 11:31:12] Data: 05/04/2024 - Empresa: 15 - Erro: DPI-1010: not connected
--------------------------------------------------------------------------------
[2024-12-14 11:31:12] Data: 07/04/2024 - Empresa: 15 - Erro: DPI-1010: not connected
--------------------------------------------------------------------------------
[2024-12-14 11:31:12] Data: 09/04/2024 - Empresa: 15 - Erro: DPI-1010: not connected
--------------------------------------------------------------------------------
[2024-12-14 11:31:12] Data: 11/04/2024 - Empresa: 15 - Erro: DPI-1010: not connected
--------------------------------------------------------------------------------
[2024-12-14 11:31:12] Data: 12/04/2024 - Empresa: 15 - Erro: DPI-1010: not connected
--------------------------------------------------------------------------------
[2024-12-14 11:31:12] Data: 13/04/2024 - Empresa: 15 - Erro: DPI-1010: not connected
--------------------------------------------------------------------------------
[2024-12-14 11:31:12] Data: 16/04/2024 - Empresa: 15 - Erro: DPI-1010: not connected
--------------------------------------------------------------------------------
[2024-12-14 11:31:12] Data: 20/04/2024 - Empresa: 15 - Erro: DPI-1010: not connected
--------------------------------------------------------------------------------
[2024-12-14 11:31:12] Data: 21/04/2024 - Empresa: 15 - Erro: DPI-1010: not connected
--------------------------------------------------------------------------------
[2024-12-14 11:31:12] Data: 22/04/2024 - Empresa: 15 - Erro: DPI-1010: not connected
--------------------------------------------------------------------------------
[2024-12-14 11:31:12] Data: 24/04/2024 - Empresa: 15 - Erro: DPI-1010: not connected
--------------------------------------------------------------------------------
[2024-12-14 11:31:12] Data: 26/04/2024 - Empresa: 15 - Erro: DPI-1010: not connected
--------------------------------------------------------------------------------
[2024-12-14 11:31:13] Data: 27/04/2024 - Empresa: 15 - Erro: DPI-1010: not connected
--------------------------------------------------------------------------------
[2024-12-14 11:31:13] Data: 29/04/2024 - Empresa: 15 - Erro: DPI-1010: not connected
--------------------------------------------------------------------------------
[2024-12-14 11:31:13] Data: 01/05/2024 - Empresa: 15 - Erro: DPI-1010: not connected
--------------------------------------------------------------------------------
[2024-12-14 11:31:13] Data: 02/05/2024 - Empresa: 15 - Erro: DPI-1010: not connected
--------------------------------------------------------------------------------
[2024-12-14 11:31:13] Data: 04/05/2024 - Empresa: 15 - Erro: DPI-1010: not connected
--------------------------------------------------------------------------------
[2024-12-14 11:31:13] Data: 06/05/2024 - Empresa: 15 - Erro: DPI-1010: not connected
--------------------------------------------------------------------------------
[2024-12-14 11:31:13] Data: 07/05/2024 - Empresa: 15 - Erro: DPI-1010: not connected
--------------------------------------------------------------------------------
[2024-12-14 11:31:13] Data: 08/05/2024 - Empresa: 15 - Erro: DPI-1010: not connected
--------------------------------------------------------------------------------
[2024-12-14 11:31:13] Data: 11/05/2024 - Empresa: 15 - Erro: DPI-1010: not connected
--------------------------------------------------------------------------------
[2024-12-14 11:31:13] Data: 13/05/2024 - Empresa: 15 - Erro: DPI-1010: not connected
--------------------------------------------------------------------------------
[2024-12-14 11:31:13] Data: 14/05/2024 - Empresa: 15 - Erro: DPI-1010: not connected
--------------------------------------------------------------------------------
[2024-12-14 11:31:13] Data: 15/05/2024 - Empresa: 15 - Erro: DPI-1010: not connected
--------------------------------------------------------------------------------
[2024-12-14 11:31:13] Data: 17/05/2024 - Empresa: 15 - Erro: DPI-1010: not connected
--------------------------------------------------------------------------------
[2024-12-14 11:31:13] Data: 19/05/2024 - Empresa: 15 - Erro: DPI-1010: not connected
--------------------------------------------------------------------------------
[2024-12-14 11:31:14] Data: 20/05/2024 - Empresa: 15 - Erro: DPI-1010: not connected
--------------------------------------------------------------------------------
[2024-12-14 11:31:14] Data: 21/05/2024 - Empresa: 15 - Erro: DPI-1010: not connected
--------------------------------------------------------------------------------
[2024-12-14 11:31:14] Data: 24/05/2024 - Empresa: 15 - Erro: DPI-1010: not connected
--------------------------------------------------------------------------------
[2024-12-14 11:31:14] Data: 25/05/2024 - Empresa: 15 - Erro: DPI-1010: not connected
--------------------------------------------------------------------------------
[2024-12-14 11:31:14] Data: 28/05/2024 - Empresa: 15 - Erro: DPI-1010: not connected
--------------------------------------------------------------------------------
[2024-12-14 11:31:14] Data: 29/05/2024 - Empresa: 15 - Erro: DPI-1010: not connected
--------------------------------------------------------------------------------
[2024-12-14 11:31:14] Data: 30/05/2024 - Empresa: 15 - Erro: DPI-1010: not connected
--------------------------------------------------------------------------------
[2024-12-14 11:31:14] Data: 31/05/2024 - Empresa: 15 - Erro: DPI-1010: not connected
--------------------------------------------------------------------------------
[2024-12-14 11:31:14] Data: 04/06/2024 - Empresa: 15 - Erro: DPI-1010: not connected
--------------------------------------------------------------------------------
[2024-12-14 11:31:14] Data: 06/06/2024 - Empresa: 15 - Erro: DPI-1010: not connected
--------------------------------------------------------------------------------
[2024-12-14 11:31:14] Data: 07/06/2024 - Empresa: 15 - Erro: DPI-1010: not connected
--------------------------------------------------------------------------------
[2024-12-14 11:31:14] Data: 08/06/2024 - Empresa: 15 - Erro: DPI-1010: not connected
--------------------------------------------------------------------------------
[2024-12-14 11:31:14] Data: 10/06/2024 - Empresa: 15 - Erro: DPI-1010: not connected
--------------------------------------------------------------------------------
[2024-12-14 11:31:15] Data: 12/06/2024 - Empresa: 15 - Erro: DPI-1010: not connected
--------------------------------------------------------------------------------
[2024-12-14 11:31:15] Data: 13/06/2024 - Empresa: 15 - Erro: DPI-1010: not connected
--------------------------------------------------------------------------------
[2024-12-14 11:31:15] Data: 14/06/2024 - Empresa: 15 - Erro: DPI-1010: not connected
--------------------------------------------------------------------------------
[2024-12-14 11:31:15] Data: 17/06/2024 - Empresa: 15 - Erro: DPI-1010: not connected
--------------------------------------------------------------------------------
[2024-12-14 11:31:15] Data: 19/06/2024 - Empresa: 15 - Erro: DPI-1010: not connected
--------------------------------------------------------------------------------
[2024-12-14 11:31:15] Data: 21/06/2024 - Empresa: 15 - Erro: DPI-1010: not connected
--------------------------------------------------------------------------------
[2024-12-14 11:31:15] Data: 22/06/2024 - Empresa: 15 - Erro: DPI-1010: not connected
--------------------------------------------------------------------------------
[2024-12-14 11:31:15] Data: 23/06/2024 - Empresa: 15 - Erro: DPI-1010: not connected
--------------------------------------------------------------------------------
[2024-12-14 11:31:15] Data: 24/06/2024 - Empresa: 15 - Erro: DPI-1010: not connected
--------------------------------------------------------------------------------
[2024-12-14 11:31:15] Data: 29/06/2024 - Empresa: 15 - Erro: DPI-1010: not connected
--------------------------------------------------------------------------------
[2024-12-14 11:31:15] Data: 30/06/2024 - Empresa: 15 - Erro: DPI-1010: not connected
--------------------------------------------------------------------------------
[2024-12-14 11:31:15] Data: 15/02/2024 - Empresa: 16 - Erro: DPI-1010: not connected
--------------------------------------------------------------------------------
[2024-12-14 11:31:15] Data: 19/02/2024 - Empresa: 16 - Erro: DPI-1010: not connected
--------------------------------------------------------------------------------
[2024-12-14 11:31:15] Data: 24/02/2024 - Empresa: 16 - Erro: DPI-1010: not connected
--------------------------------------------------------------------------------
[2024-12-14 11:31:16] Data: 03/03/2024 - Empresa: 16 - Erro: DPI-1010: not connected
--------------------------------------------------------------------------------
[2024-12-14 11:31:16] Data: 05/03/2024 - Empresa: 16 - Erro: DPI-1010: not connected
--------------------------------------------------------------------------------
[2024-12-14 11:31:16] Data: 10/03/2024 - Empresa: 16 - Erro: DPI-1010: not connected
--------------------------------------------------------------------------------
[2024-12-14 11:31:16] Data: 12/03/2024 - Empresa: 16 - Erro: DPI-1010: not connected
--------------------------------------------------------------------------------
[2024-12-14 11:31:16] Data: 27/03/2024 - Empresa: 16 - Erro: DPI-1010: not connected
--------------------------------------------------------------------------------
[2024-12-14 11:31:16] Data: 30/03/2024 - Empresa: 16 - Erro: DPI-1010: not connected
--------------------------------------------------------------------------------
[2024-12-14 11:31:16] Data: 02/04/2024 - Empresa: 16 - Erro: DPI-1010: not connected
--------------------------------------------------------------------------------
[2024-12-14 11:31:16] Data: 04/04/2024 - Empresa: 16 - Erro: DPI-1010: not connected
--------------------------------------------------------------------------------
[2024-12-14 11:31:16] Data: 18/04/2024 - Empresa: 16 - Erro: DPI-1010: not connected
--------------------------------------------------------------------------------
[2024-12-14 11:31:16] Data: 22/04/2024 - Empresa: 16 - Erro: DPI-1010: not connected
--------------------------------------------------------------------------------
[2024-12-14 11:31:16] Data: 26/04/2024 - Empresa: 16 - Erro: DPI-1010: not connected
--------------------------------------------------------------------------------
[2024-12-14 11:31:16] Data: 29/04/2024 - Empresa: 16 - Erro: DPI-1010: not connected
--------------------------------------------------------------------------------
[2024-12-14 11:31:16] Data: 07/05/2024 - Empresa: 16 - Erro: DPI-1010: not connected
--------------------------------------------------------------------------------
[2024-12-14 11:31:16] Data: 15/05/2024 - Empresa: 16 - Erro: DPI-1010: not connected
--------------------------------------------------------------------------------
[2024-12-14 11:31:17] Data: 16/05/2024 - Empresa: 16 - Erro: DPI-1010: not connected
--------------------------------------------------------------------------------
[2024-12-14 11:31:17] Data: 19/05/2024 - Empresa: 16 - Erro: DPI-1010: not connected
--------------------------------------------------------------------------------
[2024-12-14 11:31:17] Data: 25/05/2024 - Empresa: 16 - Erro: DPI-1010: not connected
--------------------------------------------------------------------------------
[2024-12-14 11:31:17] Data: 29/05/2024 - Empresa: 16 - Erro: DPI-1010: not connected
--------------------------------------------------------------------------------
[2024-12-14 11:31:17] Data: 07/06/2024 - Empresa: 16 - Erro: DPI-1010: not connected
--------------------------------------------------------------------------------
[2024-12-14 11:31:17] Data: 10/06/2024 - Empresa: 16 - Erro: DPI-1010: not connected
--------------------------------------------------------------------------------
[2024-12-14 11:31:17] Data: 12/06/2024 - Empresa: 16 - Erro: DPI-1010: not connected
--------------------------------------------------------------------------------
[2024-12-14 11:31:17] Data: 16/06/2024 - Empresa: 16 - Erro: DPI-1010: not connected
--------------------------------------------------------------------------------
[2024-12-14 11:31:17] Data: 29/06/2024 - Empresa: 16 - Erro: DPI-1010: not connected
--------------------------------------------------------------------------------
[2024-12-14 11:34:35] Data: 29/05/2024 - Empresa: 2 - Erro: DPI-1010: not connected
--------------------------------------------------------------------------------
[2024-12-14 11:34:35] Data: 04/06/2024 - Empresa: 2 - Erro: DPI-1010: not connected
--------------------------------------------------------------------------------
[2024-12-14 11:34:35] Data: 10/06/2024 - Empresa: 2 - Erro: DPI-1010: not connected
--------------------------------------------------------------------------------
[2024-12-14 11:34:36] Data: 16/06/2024 - Empresa: 2 - Erro: DPI-1010: not connected
--------------------------------------------------------------------------------
[2024-12-14 11:34:36] Data: 21/06/2024 - Empresa: 2 - Erro: DPI-1010: not connected
--------------------------------------------------------------------------------
[2024-12-14 11:34:36] Data: 26/06/2024 - Empresa: 2 - Erro: DPI-1010: not connected
--------------------------------------------------------------------------------
[2024-12-14 11:47:13] Data: 04/06/2024 - Empresa: 9 - Erro: DPI-1010: not connected
--------------------------------------------------------------------------------
[2024-12-14 11:47:13] Data: 05/06/2024 - Empresa: 9 - Erro: DPI-1010: not connected
--------------------------------------------------------------------------------
[2024-12-14 11:47:13] Data: 09/06/2024 - Empresa: 9 - Erro: DPI-1010: not connected
--------------------------------------------------------------------------------
[2024-12-14 11:47:13] Data: 11/06/2024 - Empresa: 9 - Erro: DPI-1010: not connected
--------------------------------------------------------------------------------
[2024-12-14 11:47:13] Data: 12/06/2024 - Empresa: 9 - Erro: DPI-1010: not connected
--------------------------------------------------------------------------------
[2024-12-14 11:47:13] Data: 13/06/2024 - Empresa: 9 - Erro: DPI-1010: not connected
--------------------------------------------------------------------------------
[2024-12-14 11:47:13] Data: 14/06/2024 - Empresa: 9 - Erro: DPI-1010: not connected
--------------------------------------------------------------------------------
[2024-12-14 11:47:13] Data: 18/06/2024 - Empresa: 9 - Erro: DPI-1010: not connected
--------------------------------------------------------------------------------
[2024-12-14 11:47:14] Data: 20/06/2024 - Empresa: 9 - Erro: DPI-1010: not connected
--------------------------------------------------------------------------------
[2024-12-14 11:47:14] Data: 24/06/2024 - Empresa: 9 - Erro: DPI-1010: not connected
--------------------------------------------------------------------------------
[2024-12-14 11:47:14] Data: 25/06/2024 - Empresa: 9 - Erro: DPI-1010: not connected
--------------------------------------------------------------------------------
[2024-12-14 11:47:14] Data: 26/06/2024 - Empresa: 9 - Erro: DPI-1010: not connected
--------------------------------------------------------------------------------
[2024-12-14 11:47:14] Data: 30/06/2024 - Empresa: 9 - Erro: DPI-1010: not connected
--------------------------------------------------------------------------------
[2024-12-14 12:23:22] Data: 22/06/2024 - Empresa: 9 - Erro: DPI-1010: not connected
--------------------------------------------------------------------------------
[2024-12-14 12:23:22] Data: 29/06/2024 - Empresa: 9 - Erro: DPI-1010: not connected
--------------------------------------------------------------------------------
[2024-12-14 13:09:30] Data: 05/06/2024 - Empresa: 16 - Erro: DPI-1080: connection was closed by ORA-3113
--------------------------------------------------------------------------------
[2024-12-14 13:11:44] Data: 06/06/2024 - Empresa: 16 - Erro: DPI-1080: connection was closed by ORA-3113
--------------------------------------------------------------------------------
[2024-12-14 13:21:01] Data: 22/06/2024 - Empresa: 16 - Erro: DPI-1010: not connected
--------------------------------------------------------------------------------
[2024-12-14 13:21:37] Data: 29/03/2024 - Empresa: 29 - Erro: DPI-1080: connection was closed by ORA-3113
--------------------------------------------------------------------------------
[2024-12-14 13:23:10] Data: 28/06/2024 - Empresa: 16 - Erro: DPI-1010: not connected
--------------------------------------------------------------------------------
[2024-12-14 13:23:27] Data: 01/04/2024 - Empresa: 29 - Erro: DPI-1010: not connected
--------------------------------------------------------------------------------
[2024-12-14 13:23:27] Data: 16/04/2024 - Empresa: 29 - Erro: DPI-1010: not connected
--------------------------------------------------------------------------------
[2024-12-14 13:23:27] Data: 23/04/2024 - Empresa: 29 - Erro: DPI-1010: not connected
--------------------------------------------------------------------------------
[2024-12-14 13:23:28] Data: 29/04/2024 - Empresa: 29 - Erro: DPI-1010: not connected
--------------------------------------------------------------------------------
[2024-12-14 13:23:28] Data: 15/05/2024 - Empresa: 29 - Erro: DPI-1010: not connected
--------------------------------------------------------------------------------
[2024-12-14 13:23:28] Data: 19/05/2024 - Empresa: 29 - Erro: DPI-1010: not connected
--------------------------------------------------------------------------------
[2024-12-14 13:23:28] Data: 27/05/2024 - Empresa: 29 - Erro: DPI-1010: not connected
--------------------------------------------------------------------------------
[2024-12-14 13:23:28] Data: 10/06/2024 - Empresa: 29 - Erro: DPI-1010: not connected
--------------------------------------------------------------------------------
[2024-12-14 13:23:29] Data: 17/06/2024 - Empresa: 29 - Erro: DPI-1010: not connected
--------------------------------------------------------------------------------
[2024-12-14 13:23:29] Data: 25/06/2024 - Empresa: 29 - Erro: DPI-1010: not connected
--------------------------------------------------------------------------------
[2024-12-14 13:34:24] Data: 06/04/2024 - Empresa: 29 - Erro: DPI-1010: not connected
--------------------------------------------------------------------------------
[2024-12-14 13:34:24] Data: 11/04/2024 - Empresa: 29 - Erro: DPI-1010: not connected
--------------------------------------------------------------------------------
[2024-12-14 13:34:24] Data: 05/05/2024 - Empresa: 29 - Erro: DPI-1010: not connected
--------------------------------------------------------------------------------
[2024-12-14 13:34:24] Data: 08/05/2024 - Empresa: 29 - Erro: DPI-1010: not connected
--------------------------------------------------------------------------------
[2024-12-14 13:34:24] Data: 30/05/2024 - Empresa: 29 - Erro: DPI-1010: not connected
--------------------------------------------------------------------------------
[2024-12-14 13:34:25] Data: 14/06/2024 - Empresa: 29 - Erro: DPI-1010: not connected
--------------------------------------------------------------------------------
[2024-12-14 13:34:25] Data: 20/06/2024 - Empresa: 29 - Erro: DPI-1010: not connected
--------------------------------------------------------------------------------
[2024-12-14 13:36:49] Data: 08/04/2024 - Empresa: 29 - Erro: DPI-1080: connection was closed by ORA-3113
--------------------------------------------------------------------------------
[2024-12-14 13:47:26] Data: 20/04/2024 - Empresa: 29 - Erro: DPI-1010: not connected
--------------------------------------------------------------------------------
[2024-12-14 13:47:26] Data: 26/04/2024 - Empresa: 29 - Erro: DPI-1010: not connected
--------------------------------------------------------------------------------
[2024-12-14 13:47:27] Data: 22/05/2024 - Empresa: 29 - Erro: DPI-1010: not connected
--------------------------------------------------------------------------------
[2024-12-14 13:47:27] Data: 12/06/2024 - Empresa: 29 - Erro: DPI-1010: not connected
--------------------------------------------------------------------------------
[2024-12-14 13:47:27] Data: 19/06/2024 - Empresa: 29 - Erro: DPI-1010: not connected
--------------------------------------------------------------------------------
[2024-12-14 13:49:32] Data: 03/05/2024 - Empresa: 29 - Erro: DPI-1010: not connected
--------------------------------------------------------------------------------
[2024-12-14 13:49:32] Data: 02/06/2024 - Empresa: 29 - Erro: DPI-1010: not connected
--------------------------------------------------------------------------------
[2024-12-14 13:49:32] Data: 28/06/2024 - Empresa: 29 - Erro: DPI-1010: not connected
--------------------------------------------------------------------------------
[2024-12-14 13:51:11] Data: 18/04/2024 - Empresa: 15 - Erro: DPI-1010: not connected
--------------------------------------------------------------------------------
[2024-12-14 13:51:11] Data: 30/04/2024 - Empresa: 15 - Erro: DPI-1010: not connected
--------------------------------------------------------------------------------
[2024-12-14 13:51:11] Data: 03/05/2024 - Empresa: 15 - Erro: DPI-1010: not connected
--------------------------------------------------------------------------------
[2024-12-14 13:51:11] Data: 05/05/2024 - Empresa: 15 - Erro: DPI-1010: not connected
--------------------------------------------------------------------------------
[2024-12-14 13:51:11] Data: 09/05/2024 - Empresa: 15 - Erro: DPI-1010: not connected
--------------------------------------------------------------------------------
[2024-12-14 13:51:11] Data: 12/05/2024 - Empresa: 15 - Erro: DPI-1010: not connected
--------------------------------------------------------------------------------
[2024-12-14 13:51:11] Data: 18/05/2024 - Empresa: 15 - Erro: DPI-1010: not connected
--------------------------------------------------------------------------------
[2024-12-14 13:51:12] Data: 23/05/2024 - Empresa: 15 - Erro: DPI-1010: not connected
--------------------------------------------------------------------------------
[2024-12-14 13:51:12] Data: 01/06/2024 - Empresa: 15 - Erro: DPI-1010: not connected
--------------------------------------------------------------------------------
[2024-12-14 13:51:12] Data: 02/06/2024 - Empresa: 15 - Erro: DPI-1010: not connected
--------------------------------------------------------------------------------
[2024-12-14 13:51:12] Data: 03/06/2024 - Empresa: 15 - Erro: DPI-1010: not connected
--------------------------------------------------------------------------------
[2024-12-14 13:51:12] Data: 09/06/2024 - Empresa: 15 - Erro: DPI-1010: not connected
--------------------------------------------------------------------------------
[2024-12-14 13:51:12] Data: 18/06/2024 - Empresa: 15 - Erro: DPI-1010: not connected
--------------------------------------------------------------------------------
[2024-12-14 13:51:12] Data: 25/06/2024 - Empresa: 15 - Erro: DPI-1010: not connected
--------------------------------------------------------------------------------
[2024-12-14 13:53:14] Data: 19/04/2024 - Empresa: 15 - Erro: DPI-1010: not connected
--------------------------------------------------------------------------------
[2024-12-14 13:53:14] Data: 23/04/2024 - Empresa: 15 - Erro: DPI-1010: not connected
--------------------------------------------------------------------------------
[2024-12-14 13:53:14] Data: 16/05/2024 - Empresa: 15 - Erro: DPI-1010: not connected
--------------------------------------------------------------------------------
[2024-12-14 13:53:14] Data: 26/05/2024 - Empresa: 15 - Erro: DPI-1010: not connected
--------------------------------------------------------------------------------
[2024-12-14 13:53:14] Data: 27/05/2024 - Empresa: 15 - Erro: DPI-1010: not connected
--------------------------------------------------------------------------------
[2024-12-14 13:53:14] Data: 11/06/2024 - Empresa: 15 - Erro: DPI-1010: not connected
--------------------------------------------------------------------------------
[2024-12-14 13:53:14] Data: 20/06/2024 - Empresa: 15 - Erro: DPI-1010: not connected
--------------------------------------------------------------------------------
[2024-12-14 14:04:09] Data: 10/05/2024 - Empresa: 15 - Erro: DPI-1010: not connected
--------------------------------------------------------------------------------
[2024-12-14 14:04:09] Data: 16/06/2024 - Empresa: 15 - Erro: DPI-1010: not connected
--------------------------------------------------------------------------------
[2024-12-14 14:04:09] Data: 27/06/2024 - Empresa: 15 - Erro: DPI-1010: not connected
--------------------------------------------------------------------------------
[2024-12-14 14:14:53] Data: 05/06/2024 - Empresa: 29 - Erro: DPI-1080: connection was closed by ORA-3113
--------------------------------------------------------------------------------
[2024-12-15 19:39:15] Data: 20/03/2024 - Empresa: 15 - Erro: DPI-1080: connection was closed by ORA-3113
--------------------------------------------------------------------------------
[2024-12-15 19:42:14] Data: 24/03/2024 - Empresa: 15 - Erro: DPI-1010: not connected
--------------------------------------------------------------------------------
[2024-12-15 19:42:15] Data: 25/03/2024 - Empresa: 15 - Erro: DPI-1010: not connected
--------------------------------------------------------------------------------
[2024-12-15 19:42:15] Data: 30/03/2024 - Empresa: 15 - Erro: DPI-1010: not connected
--------------------------------------------------------------------------------
[2024-12-15 19:42:15] Data: 09/04/2024 - Empresa: 15 - Erro: DPI-1010: not connected
--------------------------------------------------------------------------------
[2024-12-15 19:42:15] Data: 11/04/2024 - Empresa: 15 - Erro: DPI-1010: not connected
--------------------------------------------------------------------------------
[2024-12-15 19:42:15] Data: 12/04/2024 - Empresa: 15 - Erro: DPI-1010: not connected
--------------------------------------------------------------------------------
[2024-12-15 19:42:16] Data: 19/04/2024 - Empresa: 15 - Erro: DPI-1010: not connected
--------------------------------------------------------------------------------
[2024-12-15 19:42:16] Data: 21/04/2024 - Empresa: 15 - Erro: DPI-1010: not connected
--------------------------------------------------------------------------------
[2024-12-15 19:42:16] Data: 26/04/2024 - Empresa: 15 - Erro: DPI-1010: not connected
--------------------------------------------------------------------------------
[2024-12-15 19:42:16] Data: 30/04/2024 - Empresa: 15 - Erro: DPI-1010: not connected
--------------------------------------------------------------------------------
[2024-12-15 19:42:16] Data: 01/05/2024 - Empresa: 15 - Erro: DPI-1010: not connected
--------------------------------------------------------------------------------
[2024-12-15 19:42:17] Data: 05/05/2024 - Empresa: 15 - Erro: DPI-1010: not connected
--------------------------------------------------------------------------------
[2024-12-15 19:42:17] Data: 07/05/2024 - Empresa: 15 - Erro: DPI-1010: not connected
--------------------------------------------------------------------------------
[2024-12-15 19:42:17] Data: 10/05/2024 - Empresa: 15 - Erro: DPI-1010: not connected
--------------------------------------------------------------------------------
[2024-12-15 19:42:17] Data: 14/05/2024 - Empresa: 15 - Erro: DPI-1010: not connected
--------------------------------------------------------------------------------
[2024-12-15 19:42:17] Data: 15/05/2024 - Empresa: 15 - Erro: DPI-1010: not connected
--------------------------------------------------------------------------------
[2024-12-15 19:42:17] Data: 16/05/2024 - Empresa: 15 - Erro: DPI-1010: not connected
--------------------------------------------------------------------------------
[2024-12-15 19:42:18] Data: 20/05/2024 - Empresa: 15 - Erro: DPI-1010: not connected
--------------------------------------------------------------------------------
[2024-12-15 19:42:18] Data: 23/05/2024 - Empresa: 15 - Erro: DPI-1010: not connected
--------------------------------------------------------------------------------
[2024-12-15 19:42:18] Data: 27/05/2024 - Empresa: 15 - Erro: DPI-1010: not connected
--------------------------------------------------------------------------------
[2024-12-15 19:42:18] Data: 30/05/2024 - Empresa: 15 - Erro: DPI-1010: not connected
--------------------------------------------------------------------------------
[2024-12-15 19:42:18] Data: 31/05/2024 - Empresa: 15 - Erro: DPI-1010: not connected
--------------------------------------------------------------------------------
[2024-12-15 19:42:19] Data: 04/06/2024 - Empresa: 15 - Erro: DPI-1010: not connected
--------------------------------------------------------------------------------
[2024-12-15 19:42:19] Data: 07/06/2024 - Empresa: 15 - Erro: DPI-1010: not connected
--------------------------------------------------------------------------------
[2024-12-15 19:42:19] Data: 10/06/2024 - Empresa: 15 - Erro: DPI-1010: not connected
--------------------------------------------------------------------------------
[2024-12-15 19:42:19] Data: 14/06/2024 - Empresa: 15 - Erro: DPI-1010: not connected
--------------------------------------------------------------------------------
[2024-12-15 19:42:19] Data: 16/06/2024 - Empresa: 15 - Erro: DPI-1010: not connected
--------------------------------------------------------------------------------
[2024-12-15 19:42:19] Data: 17/06/2024 - Empresa: 15 - Erro: DPI-1010: not connected
--------------------------------------------------------------------------------
[2024-12-15 19:42:20] Data: 21/06/2024 - Empresa: 15 - Erro: DPI-1010: not connected
--------------------------------------------------------------------------------
[2024-12-15 19:42:20] Data: 23/06/2024 - Empresa: 15 - Erro: DPI-1010: not connected
--------------------------------------------------------------------------------
[2024-12-15 19:42:20] Data: 27/06/2024 - Empresa: 15 - Erro: DPI-1010: not connected
--------------------------------------------------------------------------------
[2024-12-15 19:58:03] Data: 03/03/2024 - Empresa: 29 - Erro: DPI-1010: not connected
--------------------------------------------------------------------------------
[2024-12-15 19:58:04] Data: 07/03/2024 - Empresa: 29 - Erro: DPI-1010: not connected
--------------------------------------------------------------------------------
[2024-12-15 19:58:04] Data: 17/03/2024 - Empresa: 29 - Erro: DPI-1010: not connected
--------------------------------------------------------------------------------
[2024-12-15 19:58:04] Data: 23/03/2024 - Empresa: 29 - Erro: DPI-1010: not connected
--------------------------------------------------------------------------------
[2024-12-15 19:58:04] Data: 25/03/2024 - Empresa: 29 - Erro: DPI-1010: not connected
--------------------------------------------------------------------------------
[2024-12-15 19:58:04] Data: 27/03/2024 - Empresa: 29 - Erro: DPI-1010: not connected
--------------------------------------------------------------------------------
[2024-12-15 19:58:04] Data: 29/03/2024 - Empresa: 29 - Erro: DPI-1010: not connected
--------------------------------------------------------------------------------
[2024-12-15 19:58:05] Data: 30/03/2024 - Empresa: 29 - Erro: DPI-1010: not connected
--------------------------------------------------------------------------------
[2024-12-15 19:58:05] Data: 07/04/2024 - Empresa: 29 - Erro: DPI-1010: not connected
--------------------------------------------------------------------------------
[2024-12-15 19:58:05] Data: 10/04/2024 - Empresa: 29 - Erro: DPI-1010: not connected
--------------------------------------------------------------------------------
[2024-12-15 19:58:05] Data: 11/04/2024 - Empresa: 29 - Erro: DPI-1010: not connected
--------------------------------------------------------------------------------
[2024-12-15 19:58:05] Data: 12/04/2024 - Empresa: 29 - Erro: DPI-1010: not connected
--------------------------------------------------------------------------------
[2024-12-15 19:58:06] Data: 14/04/2024 - Empresa: 29 - Erro: DPI-1010: not connected
--------------------------------------------------------------------------------
[2024-12-15 19:58:06] Data: 19/04/2024 - Empresa: 29 - Erro: DPI-1010: not connected
--------------------------------------------------------------------------------
[2024-12-15 19:58:06] Data: 23/04/2024 - Empresa: 29 - Erro: DPI-1010: not connected
--------------------------------------------------------------------------------
[2024-12-15 19:58:06] Data: 25/04/2024 - Empresa: 29 - Erro: DPI-1010: not connected
--------------------------------------------------------------------------------
[2024-12-15 19:58:06] Data: 26/04/2024 - Empresa: 29 - Erro: DPI-1010: not connected
--------------------------------------------------------------------------------
[2024-12-15 19:58:06] Data: 01/05/2024 - Empresa: 29 - Erro: DPI-1010: not connected
--------------------------------------------------------------------------------
[2024-12-15 19:58:07] Data: 04/05/2024 - Empresa: 29 - Erro: DPI-1010: not connected
--------------------------------------------------------------------------------
[2024-12-15 19:58:07] Data: 07/05/2024 - Empresa: 29 - Erro: DPI-1010: not connected
--------------------------------------------------------------------------------
[2024-12-15 19:58:07] Data: 11/05/2024 - Empresa: 29 - Erro: DPI-1010: not connected
--------------------------------------------------------------------------------
[2024-12-15 19:58:07] Data: 12/05/2024 - Empresa: 29 - Erro: DPI-1010: not connected
--------------------------------------------------------------------------------
[2024-12-15 19:58:07] Data: 13/05/2024 - Empresa: 29 - Erro: DPI-1010: not connected
--------------------------------------------------------------------------------
[2024-12-15 19:58:08] Data: 16/05/2024 - Empresa: 29 - Erro: DPI-1010: not connected
--------------------------------------------------------------------------------
[2024-12-15 19:58:08] Data: 21/05/2024 - Empresa: 29 - Erro: DPI-1010: not connected
--------------------------------------------------------------------------------
[2024-12-15 19:58:08] Data: 28/05/2024 - Empresa: 29 - Erro: DPI-1010: not connected
--------------------------------------------------------------------------------
[2024-12-15 19:58:08] Data: 29/05/2024 - Empresa: 29 - Erro: DPI-1010: not connected
--------------------------------------------------------------------------------
[2024-12-15 19:58:08] Data: 30/05/2024 - Empresa: 29 - Erro: DPI-1010: not connected
--------------------------------------------------------------------------------
[2024-12-15 19:58:08] Data: 02/06/2024 - Empresa: 29 - Erro: DPI-1010: not connected
--------------------------------------------------------------------------------
[2024-12-15 19:58:09] Data: 03/06/2024 - Empresa: 29 - Erro: DPI-1010: not connected
--------------------------------------------------------------------------------
[2024-12-15 19:58:09] Data: 08/06/2024 - Empresa: 29 - Erro: DPI-1010: not connected
--------------------------------------------------------------------------------
[2024-12-15 19:58:09] Data: 11/06/2024 - Empresa: 29 - Erro: DPI-1010: not connected
--------------------------------------------------------------------------------
[2024-12-15 19:58:09] Data: 12/06/2024 - Empresa: 29 - Erro: DPI-1010: not connected
--------------------------------------------------------------------------------
[2024-12-15 19:58:09] Data: 13/06/2024 - Empresa: 29 - Erro: DPI-1010: not connected
--------------------------------------------------------------------------------
[2024-12-15 19:58:09] Data: 15/06/2024 - Empresa: 29 - Erro: DPI-1010: not connected
--------------------------------------------------------------------------------
[2024-12-15 19:58:10] Data: 16/06/2024 - Empresa: 29 - Erro: DPI-1010: not connected
--------------------------------------------------------------------------------
[2024-12-15 19:58:10] Data: 21/06/2024 - Empresa: 29 - Erro: DPI-1010: not connected
--------------------------------------------------------------------------------
[2024-12-15 19:58:10] Data: 25/06/2024 - Empresa: 29 - Erro: DPI-1010: not connected
--------------------------------------------------------------------------------
[2024-12-15 19:58:10] Data: 26/06/2024 - Empresa: 29 - Erro: DPI-1010: not connected
--------------------------------------------------------------------------------
[2024-12-15 19:58:10] Data: 27/06/2024 - Empresa: 29 - Erro: DPI-1010: not connected
--------------------------------------------------------------------------------
[2024-12-15 19:58:10] Data: 29/06/2024 - Empresa: 29 - Erro: DPI-1010: not connected
--------------------------------------------------------------------------------
[2024-12-15 19:58:11] Data: 30/06/2024 - Empresa: 29 - Erro: DPI-1010: not connected
--------------------------------------------------------------------------------
[2024-12-15 20:19:08] Data: 14/03/2024 - Empresa: 29 - Erro: DPI-1010: not connected
--------------------------------------------------------------------------------
[2024-12-15 20:19:08] Data: 01/04/2024 - Empresa: 29 - Erro: DPI-1010: not connected
--------------------------------------------------------------------------------
[2024-12-15 20:19:09] Data: 03/04/2024 - Empresa: 29 - Erro: DPI-1010: not connected
--------------------------------------------------------------------------------
[2024-12-15 20:19:09] Data: 06/04/2024 - Empresa: 29 - Erro: DPI-1010: not connected
--------------------------------------------------------------------------------
[2024-12-15 20:19:09] Data: 09/04/2024 - Empresa: 29 - Erro: DPI-1010: not connected
--------------------------------------------------------------------------------
[2024-12-15 20:19:09] Data: 13/04/2024 - Empresa: 29 - Erro: DPI-1010: not connected
--------------------------------------------------------------------------------
[2024-12-15 20:19:09] Data: 20/04/2024 - Empresa: 29 - Erro: DPI-1010: not connected
--------------------------------------------------------------------------------
[2024-12-15 20:19:09] Data: 02/05/2024 - Empresa: 29 - Erro: DPI-1010: not connected
--------------------------------------------------------------------------------
[2024-12-15 20:19:10] Data: 03/05/2024 - Empresa: 29 - Erro: DPI-1010: not connected
--------------------------------------------------------------------------------
[2024-12-15 20:19:10] Data: 06/05/2024 - Empresa: 29 - Erro: DPI-1010: not connected
--------------------------------------------------------------------------------
[2024-12-15 20:19:10] Data: 09/05/2024 - Empresa: 29 - Erro: DPI-1010: not connected
--------------------------------------------------------------------------------
[2024-12-15 20:19:10] Data: 18/05/2024 - Empresa: 29 - Erro: DPI-1010: not connected
--------------------------------------------------------------------------------
[2024-12-15 20:19:10] Data: 01/06/2024 - Empresa: 29 - Erro: DPI-1010: not connected
--------------------------------------------------------------------------------
[2024-12-15 20:19:11] Data: 04/06/2024 - Empresa: 29 - Erro: DPI-1010: not connected
--------------------------------------------------------------------------------
[2024-12-15 20:19:11] Data: 06/06/2024 - Empresa: 29 - Erro: DPI-1010: not connected
--------------------------------------------------------------------------------
[2024-12-15 20:19:11] Data: 09/06/2024 - Empresa: 29 - Erro: DPI-1010: not connected
--------------------------------------------------------------------------------
[2024-12-15 20:19:11] Data: 10/06/2024 - Empresa: 29 - Erro: DPI-1010: not connected
--------------------------------------------------------------------------------
[2024-12-15 20:19:11] Data: 18/06/2024 - Empresa: 29 - Erro: DPI-1010: not connected
--------------------------------------------------------------------------------
[2024-12-15 20:19:12] Data: 28/06/2024 - Empresa: 29 - Erro: DPI-1010: not connected
--------------------------------------------------------------------------------
[2024-12-15 20:38:59] Data: 03/03/2024 - Empresa: 16 - Erro: DPI-1080: connection was closed by ORA-3113
--------------------------------------------------------------------------------
[2024-12-15 20:41:48] Data: 04/03/2024 - Empresa: 16 - Erro: DPI-1010: not connected
--------------------------------------------------------------------------------
[2024-12-15 20:41:48] Data: 10/03/2024 - Empresa: 16 - Erro: DPI-1010: not connected
--------------------------------------------------------------------------------
[2024-12-15 20:41:49] Data: 12/03/2024 - Empresa: 16 - Erro: DPI-1010: not connected
--------------------------------------------------------------------------------
[2024-12-15 20:41:49] Data: 14/03/2024 - Empresa: 16 - Erro: DPI-1010: not connected
--------------------------------------------------------------------------------
[2024-12-15 20:41:49] Data: 20/03/2024 - Empresa: 16 - Erro: DPI-1010: not connected
--------------------------------------------------------------------------------
[2024-12-15 20:41:49] Data: 22/03/2024 - Empresa: 16 - Erro: DPI-1010: not connected
--------------------------------------------------------------------------------
[2024-12-15 20:41:49] Data: 24/03/2024 - Empresa: 16 - Erro: DPI-1010: not connected
--------------------------------------------------------------------------------
[2024-12-15 20:41:49] Data: 31/03/2024 - Empresa: 16 - Erro: DPI-1010: not connected
--------------------------------------------------------------------------------
[2024-12-15 20:41:50] Data: 02/04/2024 - Empresa: 16 - Erro: DPI-1010: not connected
--------------------------------------------------------------------------------
[2024-12-15 20:41:50] Data: 04/04/2024 - Empresa: 16 - Erro: DPI-1010: not connected
--------------------------------------------------------------------------------
[2024-12-15 20:41:50] Data: 06/04/2024 - Empresa: 16 - Erro: DPI-1010: not connected
--------------------------------------------------------------------------------
[2024-12-15 20:41:50] Data: 10/04/2024 - Empresa: 16 - Erro: DPI-1010: not connected
--------------------------------------------------------------------------------
[2024-12-15 20:41:50] Data: 12/04/2024 - Empresa: 16 - Erro: DPI-1010: not connected
--------------------------------------------------------------------------------
[2024-12-15 20:41:50] Data: 18/04/2024 - Empresa: 16 - Erro: DPI-1010: not connected
--------------------------------------------------------------------------------
[2024-12-15 20:41:51] Data: 21/04/2024 - Empresa: 16 - Erro: DPI-1010: not connected
--------------------------------------------------------------------------------
[2024-12-15 20:41:51] Data: 23/04/2024 - Empresa: 16 - Erro: DPI-1010: not connected
--------------------------------------------------------------------------------
[2024-12-15 20:41:51] Data: 26/04/2024 - Empresa: 16 - Erro: DPI-1010: not connected
--------------------------------------------------------------------------------
[2024-12-15 20:41:51] Data: 29/04/2024 - Empresa: 16 - Erro: DPI-1010: not connected
--------------------------------------------------------------------------------
[2024-12-15 20:41:51] Data: 30/04/2024 - Empresa: 16 - Erro: DPI-1010: not connected
--------------------------------------------------------------------------------
[2024-12-15 20:41:52] Data: 09/05/2024 - Empresa: 16 - Erro: DPI-1010: not connected
--------------------------------------------------------------------------------
[2024-12-15 20:41:52] Data: 11/05/2024 - Empresa: 16 - Erro: DPI-1010: not connected
--------------------------------------------------------------------------------
[2024-12-15 20:41:52] Data: 13/05/2024 - Empresa: 16 - Erro: DPI-1010: not connected
--------------------------------------------------------------------------------
[2024-12-15 20:41:52] Data: 16/05/2024 - Empresa: 16 - Erro: DPI-1010: not connected
--------------------------------------------------------------------------------
[2024-12-15 20:41:52] Data: 17/05/2024 - Empresa: 16 - Erro: DPI-1010: not connected
--------------------------------------------------------------------------------
[2024-12-15 20:41:52] Data: 24/05/2024 - Empresa: 16 - Erro: DPI-1010: not connected
--------------------------------------------------------------------------------
[2024-12-15 20:41:53] Data: 26/05/2024 - Empresa: 16 - Erro: DPI-1010: not connected
--------------------------------------------------------------------------------
[2024-12-15 20:41:53] Data: 28/05/2024 - Empresa: 16 - Erro: DPI-1010: not connected
--------------------------------------------------------------------------------
[2024-12-15 20:41:53] Data: 30/05/2024 - Empresa: 16 - Erro: DPI-1010: not connected
--------------------------------------------------------------------------------
[2024-12-15 20:41:53] Data: 01/06/2024 - Empresa: 16 - Erro: DPI-1010: not connected
--------------------------------------------------------------------------------
[2024-12-15 20:41:53] Data: 02/06/2024 - Empresa: 16 - Erro: DPI-1010: not connected
--------------------------------------------------------------------------------
[2024-12-15 20:41:53] Data: 08/06/2024 - Empresa: 16 - Erro: DPI-1010: not connected
--------------------------------------------------------------------------------
[2024-12-15 20:41:54] Data: 09/06/2024 - Empresa: 16 - Erro: DPI-1010: not connected
--------------------------------------------------------------------------------
[2024-12-15 20:41:54] Data: 11/06/2024 - Empresa: 16 - Erro: DPI-1010: not connected
--------------------------------------------------------------------------------
[2024-12-15 20:41:54] Data: 13/06/2024 - Empresa: 16 - Erro: DPI-1010: not connected
--------------------------------------------------------------------------------
[2024-12-15 20:41:54] Data: 16/06/2024 - Empresa: 16 - Erro: DPI-1010: not connected
--------------------------------------------------------------------------------
[2024-12-15 20:41:54] Data: 17/06/2024 - Empresa: 16 - Erro: DPI-1010: not connected
--------------------------------------------------------------------------------
[2024-12-15 20:41:54] Data: 25/06/2024 - Empresa: 16 - Erro: DPI-1010: not connected
--------------------------------------------------------------------------------
[2024-12-15 20:41:55] Data: 27/06/2024 - Empresa: 16 - Erro: DPI-1010: not connected
--------------------------------------------------------------------------------
[2024-12-15 20:41:55] Data: 29/06/2024 - Empresa: 16 - Erro: DPI-1010: not connected
--------------------------------------------------------------------------------
[2024-12-15 21:04:27] Data: 04/04/2024 - Empresa: 29 - Erro: DPI-1080: connection was closed by ORA-3113
--------------------------------------------------------------------------------
[2024-12-15 21:10:00] Data: 13/04/2024 - Empresa: 15 - Erro: DPI-1080: connection was closed by ORA-3113
--------------------------------------------------------------------------------
[2024-12-15 21:18:41] Data: 05/06/2024 - Empresa: 5 - Erro: DPI-1010: not connected
--------------------------------------------------------------------------------
[2024-12-15 21:18:41] Data: 07/06/2024 - Empresa: 5 - Erro: DPI-1010: not connected
--------------------------------------------------------------------------------
[2024-12-15 21:18:42] Data: 10/06/2024 - Empresa: 5 - Erro: DPI-1010: not connected
--------------------------------------------------------------------------------
[2024-12-15 21:18:42] Data: 16/06/2024 - Empresa: 5 - Erro: DPI-1010: not connected
--------------------------------------------------------------------------------
[2024-12-15 21:18:42] Data: 23/06/2024 - Empresa: 5 - Erro: DPI-1010: not connected
--------------------------------------------------------------------------------
[2024-12-15 21:18:42] Data: 26/06/2024 - Empresa: 5 - Erro: DPI-1010: not connected
--------------------------------------------------------------------------------
[2024-12-15 21:18:42] Data: 30/06/2024 - Empresa: 5 - Erro: DPI-1010: not connected
--------------------------------------------------------------------------------
[2024-12-15 21:18:48] Data: 18/04/2024 - Empresa: 15 - Erro: DPI-1010: not connected
--------------------------------------------------------------------------------
[2024-12-15 21:18:48] Data: 20/04/2024 - Empresa: 15 - Erro: DPI-1010: not connected
--------------------------------------------------------------------------------
[2024-12-15 21:18:48] Data: 24/04/2024 - Empresa: 15 - Erro: DPI-1010: not connected
--------------------------------------------------------------------------------
[2024-12-15 21:18:49] Data: 29/04/2024 - Empresa: 15 - Erro: DPI-1010: not connected
--------------------------------------------------------------------------------
[2024-12-15 21:18:49] Data: 06/05/2024 - Empresa: 15 - Erro: DPI-1010: not connected
--------------------------------------------------------------------------------
[2024-12-15 21:18:49] Data: 12/05/2024 - Empresa: 15 - Erro: DPI-1010: not connected
--------------------------------------------------------------------------------
[2024-12-15 21:18:49] Data: 13/05/2024 - Empresa: 15 - Erro: DPI-1010: not connected
--------------------------------------------------------------------------------
[2024-12-15 21:18:49] Data: 17/05/2024 - Empresa: 15 - Erro: DPI-1010: not connected
--------------------------------------------------------------------------------
[2024-12-15 21:18:50] Data: 21/05/2024 - Empresa: 15 - Erro: DPI-1010: not connected
--------------------------------------------------------------------------------
[2024-12-15 21:18:50] Data: 28/05/2024 - Empresa: 15 - Erro: DPI-1010: not connected
--------------------------------------------------------------------------------
[2024-12-15 21:18:50] Data: 02/06/2024 - Empresa: 15 - Erro: DPI-1010: not connected
--------------------------------------------------------------------------------
[2024-12-15 21:18:50] Data: 08/06/2024 - Empresa: 15 - Erro: DPI-1010: not connected
--------------------------------------------------------------------------------
[2024-12-15 21:18:50] Data: 09/06/2024 - Empresa: 15 - Erro: DPI-1010: not connected
--------------------------------------------------------------------------------
[2024-12-15 21:18:50] Data: 11/06/2024 - Empresa: 15 - Erro: DPI-1010: not connected
--------------------------------------------------------------------------------
[2024-12-15 21:18:51] Data: 19/06/2024 - Empresa: 15 - Erro: DPI-1010: not connected
--------------------------------------------------------------------------------
[2024-12-15 21:18:51] Data: 25/06/2024 - Empresa: 15 - Erro: DPI-1010: not connected
--------------------------------------------------------------------------------
[2024-12-15 21:21:21] Data: 08/06/2024 - Empresa: 5 - Erro: DPI-1010: not connected
--------------------------------------------------------------------------------
[2024-12-15 21:21:22] Data: 14/06/2024 - Empresa: 5 - Erro: DPI-1010: not connected
--------------------------------------------------------------------------------
[2024-12-15 21:21:22] Data: 24/06/2024 - Empresa: 5 - Erro: DPI-1010: not connected
--------------------------------------------------------------------------------
[2024-12-15 21:23:57] Data: 12/06/2024 - Empresa: 5 - Erro: DPI-1010: not connected
--------------------------------------------------------------------------------
[2024-12-15 21:23:57] Data: 25/06/2024 - Empresa: 5 - Erro: DPI-1010: not connected
--------------------------------------------------------------------------------
[2024-12-15 21:23:57] Data: 29/06/2024 - Empresa: 5 - Erro: DPI-1010: not connected
--------------------------------------------------------------------------------
[2024-12-15 21:26:49] Data: 15/06/2024 - Empresa: 5 - Erro: DPI-1010: not connected
--------------------------------------------------------------------------------
[2024-12-15 21:33:13] Data: 17/04/2024 - Empresa: 29 - Erro: DPI-1010: not connected
--------------------------------------------------------------------------------
[2024-12-15 21:33:14] Data: 21/04/2024 - Empresa: 29 - Erro: DPI-1010: not connected
--------------------------------------------------------------------------------
[2024-12-15 21:33:14] Data: 29/04/2024 - Empresa: 29 - Erro: DPI-1010: not connected
--------------------------------------------------------------------------------
[2024-12-15 21:33:14] Data: 15/05/2024 - Empresa: 29 - Erro: DPI-1010: not connected
--------------------------------------------------------------------------------
[2024-12-15 21:33:14] Data: 20/05/2024 - Empresa: 29 - Erro: DPI-1010: not connected
--------------------------------------------------------------------------------
[2024-12-15 21:33:14] Data: 27/05/2024 - Empresa: 29 - Erro: DPI-1010: not connected
--------------------------------------------------------------------------------
[2024-12-15 21:33:14] Data: 14/06/2024 - Empresa: 29 - Erro: DPI-1010: not connected
--------------------------------------------------------------------------------
[2024-12-15 21:33:15] Data: 17/06/2024 - Empresa: 29 - Erro: DPI-1010: not connected
--------------------------------------------------------------------------------
[2024-12-15 21:33:15] Data: 20/06/2024 - Empresa: 29 - Erro: DPI-1010: not connected
--------------------------------------------------------------------------------
[2024-12-15 21:38:24] Data: 27/04/2024 - Empresa: 15 - Erro: DPI-1010: not connected
--------------------------------------------------------------------------------
[2024-12-15 21:38:24] Data: 03/05/2024 - Empresa: 15 - Erro: DPI-1010: not connected
--------------------------------------------------------------------------------
[2024-12-15 21:38:24] Data: 11/05/2024 - Empresa: 15 - Erro: DPI-1010: not connected
--------------------------------------------------------------------------------
[2024-12-15 21:38:24] Data: 24/05/2024 - Empresa: 15 - Erro: DPI-1010: not connected
--------------------------------------------------------------------------------
[2024-12-15 21:38:25] Data: 29/05/2024 - Empresa: 15 - Erro: DPI-1010: not connected
--------------------------------------------------------------------------------
[2024-12-15 21:38:25] Data: 03/06/2024 - Empresa: 15 - Erro: DPI-1010: not connected
--------------------------------------------------------------------------------
[2024-12-15 21:38:25] Data: 06/06/2024 - Empresa: 15 - Erro: DPI-1010: not connected
--------------------------------------------------------------------------------
[2024-12-15 21:38:25] Data: 13/06/2024 - Empresa: 15 - Erro: DPI-1010: not connected
--------------------------------------------------------------------------------
[2024-12-15 21:38:25] Data: 29/06/2024 - Empresa: 15 - Erro: DPI-1010: not connected
--------------------------------------------------------------------------------
[2024-12-15 21:38:25] Data: 13/03/2024 - Empresa: 16 - Erro: DPI-1010: not connected
--------------------------------------------------------------------------------
[2024-12-15 21:38:25] Data: 26/03/2024 - Empresa: 16 - Erro: DPI-1010: not connected
--------------------------------------------------------------------------------
[2024-12-15 21:38:26] Data: 30/03/2024 - Empresa: 16 - Erro: DPI-1010: not connected
--------------------------------------------------------------------------------
[2024-12-15 21:38:26] Data: 01/04/2024 - Empresa: 16 - Erro: DPI-1010: not connected
--------------------------------------------------------------------------------
[2024-12-15 21:38:26] Data: 05/04/2024 - Empresa: 16 - Erro: DPI-1010: not connected
--------------------------------------------------------------------------------
[2024-12-15 21:38:26] Data: 15/04/2024 - Empresa: 16 - Erro: DPI-1010: not connected
--------------------------------------------------------------------------------
[2024-12-15 21:38:26] Data: 17/04/2024 - Empresa: 16 - Erro: DPI-1010: not connected
--------------------------------------------------------------------------------
[2024-12-15 21:38:27] Data: 03/05/2024 - Empresa: 16 - Erro: DPI-1010: not connected
--------------------------------------------------------------------------------
[2024-12-15 21:38:27] Data: 06/05/2024 - Empresa: 16 - Erro: DPI-1010: not connected
--------------------------------------------------------------------------------
[2024-12-15 21:38:27] Data: 07/05/2024 - Empresa: 16 - Erro: DPI-1010: not connected
--------------------------------------------------------------------------------
[2024-12-15 21:38:27] Data: 10/05/2024 - Empresa: 16 - Erro: DPI-1010: not connected
--------------------------------------------------------------------------------
[2024-12-15 21:38:27] Data: 19/05/2024 - Empresa: 16 - Erro: DPI-1010: not connected
--------------------------------------------------------------------------------
[2024-12-15 21:38:27] Data: 21/05/2024 - Empresa: 16 - Erro: DPI-1010: not connected
--------------------------------------------------------------------------------
[2024-12-15 21:38:28] Data: 31/05/2024 - Empresa: 16 - Erro: DPI-1010: not connected
--------------------------------------------------------------------------------
[2024-12-15 21:38:28] Data: 04/06/2024 - Empresa: 16 - Erro: DPI-1010: not connected
--------------------------------------------------------------------------------
[2024-12-15 21:38:28] Data: 05/06/2024 - Empresa: 16 - Erro: DPI-1010: not connected
--------------------------------------------------------------------------------
[2024-12-15 21:38:28] Data: 07/06/2024 - Empresa: 16 - Erro: DPI-1010: not connected
--------------------------------------------------------------------------------
[2024-12-15 21:38:28] Data: 18/06/2024 - Empresa: 16 - Erro: DPI-1010: not connected
--------------------------------------------------------------------------------
[2024-12-15 21:38:28] Data: 23/06/2024 - Empresa: 16 - Erro: DPI-1010: not connected
--------------------------------------------------------------------------------
[2024-12-15 21:41:00] Data: 17/03/2024 - Empresa: 16 - Erro: DPI-1010: not connected
--------------------------------------------------------------------------------
[2024-12-15 21:41:01] Data: 09/04/2024 - Empresa: 16 - Erro: DPI-1010: not connected
--------------------------------------------------------------------------------
[2024-12-15 21:41:01] Data: 13/04/2024 - Empresa: 16 - Erro: DPI-1010: not connected
--------------------------------------------------------------------------------
[2024-12-15 21:41:01] Data: 14/04/2024 - Empresa: 16 - Erro: DPI-1010: not connected
--------------------------------------------------------------------------------
[2024-12-15 21:41:01] Data: 28/04/2024 - Empresa: 16 - Erro: DPI-1010: not connected
--------------------------------------------------------------------------------
[2024-12-15 21:41:01] Data: 08/05/2024 - Empresa: 16 - Erro: DPI-1010: not connected
--------------------------------------------------------------------------------
[2024-12-15 21:41:02] Data: 18/05/2024 - Empresa: 16 - Erro: DPI-1010: not connected
--------------------------------------------------------------------------------
[2024-12-15 21:41:02] Data: 27/05/2024 - Empresa: 16 - Erro: DPI-1010: not connected
--------------------------------------------------------------------------------
[2024-12-15 21:41:02] Data: 29/05/2024 - Empresa: 16 - Erro: DPI-1010: not connected
--------------------------------------------------------------------------------
[2024-12-15 21:41:02] Data: 03/06/2024 - Empresa: 16 - Erro: DPI-1010: not connected
--------------------------------------------------------------------------------
[2024-12-15 21:41:02] Data: 15/06/2024 - Empresa: 16 - Erro: DPI-1010: not connected
--------------------------------------------------------------------------------
[2024-12-15 21:41:02] Data: 22/06/2024 - Empresa: 16 - Erro: DPI-1010: not connected
--------------------------------------------------------------------------------
[2024-12-15 21:41:03] Data: 30/06/2024 - Empresa: 16 - Erro: DPI-1010: not connected
--------------------------------------------------------------------------------
[2024-12-15 21:43:48] Data: 21/03/2024 - Empresa: 16 - Erro: DPI-1010: not connected
--------------------------------------------------------------------------------
[2024-12-15 21:43:48] Data: 27/03/2024 - Empresa: 16 - Erro: DPI-1010: not connected
--------------------------------------------------------------------------------
[2024-12-15 21:43:48] Data: 03/04/2024 - Empresa: 16 - Erro: DPI-1010: not connected
--------------------------------------------------------------------------------
[2024-12-15 21:43:48] Data: 04/05/2024 - Empresa: 16 - Erro: DPI-1010: not connected
--------------------------------------------------------------------------------
[2024-12-15 21:43:48] Data: 15/05/2024 - Empresa: 16 - Erro: DPI-1010: not connected
--------------------------------------------------------------------------------
[2024-12-15 21:43:49] Data: 20/05/2024 - Empresa: 16 - Erro: DPI-1010: not connected
--------------------------------------------------------------------------------
[2024-12-15 21:43:49] Data: 21/06/2024 - Empresa: 16 - Erro: DPI-1010: not connected
--------------------------------------------------------------------------------
[2024-12-15 21:43:49] Data: 28/06/2024 - Empresa: 16 - Erro: DPI-1010: not connected
--------------------------------------------------------------------------------
[2024-12-15 21:44:10] Data: 05/05/2024 - Empresa: 29 - Erro: DPI-1010: not connected
--------------------------------------------------------------------------------
[2024-12-15 21:44:10] Data: 23/05/2024 - Empresa: 29 - Erro: DPI-1010: not connected
--------------------------------------------------------------------------------
[2024-12-15 21:44:10] Data: 07/06/2024 - Empresa: 29 - Erro: DPI-1010: not connected
--------------------------------------------------------------------------------
[2024-12-15 21:44:10] Data: 22/06/2024 - Empresa: 29 - Erro: DPI-1010: not connected
--------------------------------------------------------------------------------
[2024-12-15 21:46:44] Data: 08/05/2024 - Empresa: 29 - Erro: DPI-1010: not connected
--------------------------------------------------------------------------------
[2024-12-15 21:46:44] Data: 19/05/2024 - Empresa: 29 - Erro: DPI-1010: not connected
--------------------------------------------------------------------------------
[2024-12-15 21:46:44] Data: 05/06/2024 - Empresa: 29 - Erro: DPI-1010: not connected
--------------------------------------------------------------------------------
[2024-12-15 21:49:33] Data: 22/05/2024 - Empresa: 29 - Erro: DPI-1010: not connected
--------------------------------------------------------------------------------
[2024-12-15 21:49:33] Data: 24/06/2024 - Empresa: 29 - Erro: DPI-1010: not connected
--------------------------------------------------------------------------------
[2024-12-15 21:51:55] Data: 19/06/2024 - Empresa: 29 - Erro: DPI-1010: not connected
--------------------------------------------------------------------------------
[2024-12-15 22:01:27] Data: 22/04/2024 - Empresa: 16 - Erro: DPI-1010: not connected
--------------------------------------------------------------------------------
[2024-12-15 22:01:27] Data: 24/04/2024 - Empresa: 16 - Erro: DPI-1010: not connected
--------------------------------------------------------------------------------
[2024-12-15 22:01:27] Data: 25/05/2024 - Empresa: 16 - Erro: DPI-1010: not connected
--------------------------------------------------------------------------------
[2024-12-15 22:20:48] Data: 18/05/2024 - Empresa: 15 - Erro: DPI-1010: not connected
--------------------------------------------------------------------------------
[2024-12-15 22:20:48] Data: 26/05/2024 - Empresa: 15 - Erro: DPI-1010: not connected
--------------------------------------------------------------------------------
[2024-12-15 22:20:48] Data: 12/06/2024 - Empresa: 15 - Erro: DPI-1010: not connected
--------------------------------------------------------------------------------
[2024-12-15 22:20:48] Data: 20/06/2024 - Empresa: 15 - Erro: DPI-1010: not connected
--------------------------------------------------------------------------------
[2024-12-15 22:20:49] Data: 30/06/2024 - Empresa: 15 - Erro: DPI-1010: not connected
--------------------------------------------------------------------------------
[2024-12-15 22:23:04] Data: 19/05/2024 - Empresa: 15 - Erro: DPI-1010: not connected
--------------------------------------------------------------------------------
[2024-12-15 22:23:04] Data: 25/05/2024 - Empresa: 15 - Erro: DPI-1010: not connected
--------------------------------------------------------------------------------
[2024-12-15 22:23:05] Data: 24/06/2024 - Empresa: 15 - Erro: DPI-1010: not connected
--------------------------------------------------------------------------------
[2024-12-15 22:27:47] Data: 12/06/2024 - Empresa: 16 - Erro: DPI-1010: not connected
--------------------------------------------------------------------------------
[2024-12-16 10:45:35] Data: 12/06/2024 - Empresa: 5 - Erro: DPI-1080: connection was closed by ORA-3113
--------------------------------------------------------------------------------
[2024-12-16 10:52:17] Data: 21/03/2024 - Empresa: 16 - Erro: DPI-1010: not connected
--------------------------------------------------------------------------------
[2024-12-16 10:52:17] Data: 24/03/2024 - Empresa: 16 - Erro: DPI-1010: not connected
--------------------------------------------------------------------------------
[2024-12-16 10:52:17] Data: 26/03/2024 - Empresa: 16 - Erro: DPI-1010: not connected
--------------------------------------------------------------------------------
[2024-12-16 10:52:17] Data: 01/04/2024 - Empresa: 16 - Erro: DPI-1010: not connected
--------------------------------------------------------------------------------
[2024-12-16 10:52:17] Data: 03/04/2024 - Empresa: 16 - Erro: DPI-1010: not connected
--------------------------------------------------------------------------------
[2024-12-16 10:52:17] Data: 04/04/2024 - Empresa: 16 - Erro: DPI-1010: not connected
--------------------------------------------------------------------------------
[2024-12-16 10:52:18] Data: 05/04/2024 - Empresa: 16 - Erro: DPI-1010: not connected
--------------------------------------------------------------------------------
[2024-12-16 10:52:18] Data: 09/04/2024 - Empresa: 16 - Erro: DPI-1010: not connected
--------------------------------------------------------------------------------
[2024-12-16 10:52:18] Data: 10/04/2024 - Empresa: 16 - Erro: DPI-1010: not connected
--------------------------------------------------------------------------------
[2024-12-16 10:52:18] Data: 13/04/2024 - Empresa: 16 - Erro: DPI-1010: not connected
--------------------------------------------------------------------------------
[2024-12-16 10:52:18] Data: 15/04/2024 - Empresa: 16 - Erro: DPI-1010: not connected
--------------------------------------------------------------------------------
[2024-12-16 10:52:18] Data: 18/04/2024 - Empresa: 16 - Erro: DPI-1010: not connected
--------------------------------------------------------------------------------
[2024-12-16 10:52:18] Data: 21/04/2024 - Empresa: 16 - Erro: DPI-1010: not connected
--------------------------------------------------------------------------------
[2024-12-16 10:52:18] Data: 28/04/2024 - Empresa: 16 - Erro: DPI-1010: not connected
--------------------------------------------------------------------------------
[2024-12-16 10:52:18] Data: 29/04/2024 - Empresa: 16 - Erro: DPI-1010: not connected
--------------------------------------------------------------------------------
[2024-12-16 10:52:19] Data: 30/04/2024 - Empresa: 16 - Erro: DPI-1010: not connected
--------------------------------------------------------------------------------
[2024-12-16 10:52:19] Data: 04/05/2024 - Empresa: 16 - Erro: DPI-1010: not connected
--------------------------------------------------------------------------------
[2024-12-16 10:52:19] Data: 06/05/2024 - Empresa: 16 - Erro: DPI-1010: not connected
--------------------------------------------------------------------------------
[2024-12-16 10:52:19] Data: 08/05/2024 - Empresa: 16 - Erro: DPI-1010: not connected
--------------------------------------------------------------------------------
[2024-12-16 10:52:19] Data: 10/05/2024 - Empresa: 16 - Erro: DPI-1010: not connected
--------------------------------------------------------------------------------
[2024-12-16 10:52:19] Data: 11/05/2024 - Empresa: 16 - Erro: DPI-1010: not connected
--------------------------------------------------------------------------------
[2024-12-16 10:52:19] Data: 15/05/2024 - Empresa: 16 - Erro: DPI-1010: not connected
--------------------------------------------------------------------------------
[2024-12-16 10:52:19] Data: 16/05/2024 - Empresa: 16 - Erro: DPI-1010: not connected
--------------------------------------------------------------------------------
[2024-12-16 10:52:19] Data: 20/05/2024 - Empresa: 16 - Erro: DPI-1010: not connected
--------------------------------------------------------------------------------
[2024-12-16 10:52:19] Data: 24/05/2024 - Empresa: 16 - Erro: DPI-1010: not connected
--------------------------------------------------------------------------------
[2024-12-16 10:52:20] Data: 25/05/2024 - Empresa: 16 - Erro: DPI-1010: not connected
--------------------------------------------------------------------------------
[2024-12-16 10:52:20] Data: 26/05/2024 - Empresa: 16 - Erro: DPI-1010: not connected
--------------------------------------------------------------------------------
[2024-12-16 10:52:20] Data: 28/05/2024 - Empresa: 16 - Erro: DPI-1010: not connected
--------------------------------------------------------------------------------
[2024-12-16 10:52:20] Data: 29/05/2024 - Empresa: 16 - Erro: DPI-1010: not connected
--------------------------------------------------------------------------------
[2024-12-16 10:52:20] Data: 31/05/2024 - Empresa: 16 - Erro: DPI-1010: not connected
--------------------------------------------------------------------------------
[2024-12-16 10:52:20] Data: 02/06/2024 - Empresa: 16 - Erro: DPI-1010: not connected
--------------------------------------------------------------------------------
[2024-12-16 10:52:20] Data: 04/06/2024 - Empresa: 16 - Erro: DPI-1010: not connected
--------------------------------------------------------------------------------
[2024-12-16 10:52:20] Data: 05/06/2024 - Empresa: 16 - Erro: DPI-1010: not connected
--------------------------------------------------------------------------------
[2024-12-16 10:52:20] Data: 09/06/2024 - Empresa: 16 - Erro: DPI-1010: not connected
--------------------------------------------------------------------------------
[2024-12-16 10:52:20] Data: 13/06/2024 - Empresa: 16 - Erro: DPI-1010: not connected
--------------------------------------------------------------------------------
[2024-12-16 10:52:20] Data: 15/06/2024 - Empresa: 16 - Erro: DPI-1010: not connected
--------------------------------------------------------------------------------
[2024-12-16 10:52:21] Data: 16/06/2024 - Empresa: 16 - Erro: DPI-1010: not connected
--------------------------------------------------------------------------------
[2024-12-16 10:52:21] Data: 17/06/2024 - Empresa: 16 - Erro: DPI-1010: not connected
--------------------------------------------------------------------------------
[2024-12-16 10:52:21] Data: 21/06/2024 - Empresa: 16 - Erro: DPI-1010: not connected
--------------------------------------------------------------------------------
[2024-12-16 10:52:21] Data: 22/06/2024 - Empresa: 16 - Erro: DPI-1010: not connected
--------------------------------------------------------------------------------
[2024-12-16 10:52:21] Data: 25/06/2024 - Empresa: 16 - Erro: DPI-1010: not connected
--------------------------------------------------------------------------------
[2024-12-16 10:52:21] Data: 28/06/2024 - Empresa: 16 - Erro: DPI-1010: not connected
--------------------------------------------------------------------------------
[2024-12-16 10:52:21] Data: 30/06/2024 - Empresa: 16 - Erro: DPI-1010: not connected
--------------------------------------------------------------------------------
[2024-12-16 10:55:23] Data: 22/03/2024 - Empresa: 16 - Erro: DPI-1010: not connected
--------------------------------------------------------------------------------
[2024-12-16 10:55:23] Data: 02/04/2024 - Empresa: 16 - Erro: DPI-1010: not connected
--------------------------------------------------------------------------------
[2024-12-16 10:55:24] Data: 12/04/2024 - Empresa: 16 - Erro: DPI-1010: not connected
--------------------------------------------------------------------------------
[2024-12-16 10:55:24] Data: 14/04/2024 - Empresa: 16 - Erro: DPI-1010: not connected
--------------------------------------------------------------------------------
[2024-12-16 10:55:24] Data: 22/04/2024 - Empresa: 16 - Erro: DPI-1010: not connected
--------------------------------------------------------------------------------
[2024-12-16 10:55:24] Data: 23/04/2024 - Empresa: 16 - Erro: DPI-1010: not connected
--------------------------------------------------------------------------------
[2024-12-16 10:55:24] Data: 26/04/2024 - Empresa: 16 - Erro: DPI-1010: not connected
--------------------------------------------------------------------------------
[2024-12-16 10:55:24] Data: 03/05/2024 - Empresa: 16 - Erro: DPI-1010: not connected
--------------------------------------------------------------------------------
[2024-12-16 10:55:24] Data: 09/05/2024 - Empresa: 16 - Erro: DPI-1010: not connected
--------------------------------------------------------------------------------
[2024-12-16 10:55:24] Data: 17/05/2024 - Empresa: 16 - Erro: DPI-1010: not connected
--------------------------------------------------------------------------------
[2024-12-16 10:55:24] Data: 18/05/2024 - Empresa: 16 - Erro: DPI-1010: not connected
--------------------------------------------------------------------------------
[2024-12-16 10:55:24] Data: 19/05/2024 - Empresa: 16 - Erro: DPI-1010: not connected
--------------------------------------------------------------------------------
[2024-12-16 10:55:24] Data: 01/06/2024 - Empresa: 16 - Erro: DPI-1010: not connected
--------------------------------------------------------------------------------
[2024-12-16 10:55:24] Data: 07/06/2024 - Empresa: 16 - Erro: DPI-1010: not connected
--------------------------------------------------------------------------------
[2024-12-16 10:55:25] Data: 08/06/2024 - Empresa: 16 - Erro: DPI-1010: not connected
--------------------------------------------------------------------------------
[2024-12-16 10:55:25] Data: 11/06/2024 - Empresa: 16 - Erro: DPI-1010: not connected
--------------------------------------------------------------------------------
[2024-12-16 10:55:25] Data: 18/06/2024 - Empresa: 16 - Erro: DPI-1010: not connected
--------------------------------------------------------------------------------
[2024-12-16 10:55:25] Data: 23/06/2024 - Empresa: 16 - Erro: DPI-1010: not connected
--------------------------------------------------------------------------------
[2024-12-16 10:55:25] Data: 29/06/2024 - Empresa: 16 - Erro: DPI-1010: not connected
--------------------------------------------------------------------------------
[2024-12-19 16:00:21] Data: 12/11/2024 - Empresa: 15 - Erro: ORA-04036: Memória PGA usada pela instância excede PGA_AGGREGATE_LIMIT
ORA-06512: em "CONSINCO.ESP_PKG_EDI_REDEBRASIL", line 339
ORA-06512: em "CONSINCO.ESP_PKG_EDI_REDEBRASIL", line 339
ORA-06512: em "CONSINCO.ESP_PKG_EDI_REDEBRASIL", line 495
ORA-06512: em "CONSINCO.ESP_PKG_EDI_REDEBRASIL", line 495
ORA-06512: em line 1
--------------------------------------------------------------------------------
[2024-12-19 16:00:21] Data: 12/11/2024 - Empresa: 33 - Erro: ORA-04036: Memória PGA usada pela instância excede PGA_AGGREGATE_LIMIT
ORA-06512: em "CONSINCO.ESP_PKG_EDI_REDEBRASIL", line 339
ORA-06512: em "CONSINCO.ESP_PKG_EDI_REDEBRASIL", line 339
ORA-06512: em "CONSINCO.ESP_PKG_EDI_REDEBRASIL", line 495
ORA-06512: em "CONSINCO.ESP_PKG_EDI_REDEBRASIL", line 495
ORA-06512: em line 1
--------------------------------------------------------------------------------
[2024-12-19 16:00:22] Data: 12/11/2024 - Empresa: 16 - Erro: ORA-04036: Memória PGA usada pela instância excede PGA_AGGREGATE_LIMIT
ORA-06512: em "CONSINCO.ESP_PKG_EDI_REDEBRASIL", line 339
ORA-06512: em "CONSINCO.ESP_PKG_EDI_REDEBRASIL", line 339
ORA-06512: em "CONSINCO.ESP_PKG_EDI_REDEBRASIL", line 495
ORA-06512: em "CONSINCO.ESP_PKG_EDI_REDEBRASIL", line 495
ORA-06512: em line 1
--------------------------------------------------------------------------------
[2024-12-19 16:00:23] Data: 12/11/2024 - Empresa: 29 - Erro: ORA-04036: Memória PGA usada pela instância excede PGA_AGGREGATE_LIMIT
ORA-06512: em "CONSINCO.ESP_PKG_EDI_REDEBRASIL", line 339
ORA-06512: em "CONSINCO.ESP_PKG_EDI_REDEBRASIL", line 339
ORA-06512: em "CONSINCO.ESP_PKG_EDI_REDEBRASIL", line 495
ORA-06512: em "CONSINCO.ESP_PKG_EDI_REDEBRASIL", line 495
ORA-06512: em line 1
--------------------------------------------------------------------------------
[2024-12-19 16:00:23] Data: 12/11/2024 - Empresa: 28 - Erro: ORA-04036: Memória PGA usada pela instância excede PGA_AGGREGATE_LIMIT
ORA-06512: em "CONSINCO.ESP_PKG_EDI_REDEBRASIL", line 339
ORA-06512: em "CONSINCO.ESP_PKG_EDI_REDEBRASIL", line 339
ORA-06512: em "CONSINCO.ESP_PKG_EDI_REDEBRASIL", line 495
ORA-06512: em "CONSINCO.ESP_PKG_EDI_REDEBRASIL", line 495
ORA-06512: em line 1
--------------------------------------------------------------------------------
[2024-12-19 16:00:23] Data: 12/11/2024 - Empresa: 37 - Erro: ORA-04036: Memória PGA usada pela instância excede PGA_AGGREGATE_LIMIT
ORA-06512: em "CONSINCO.ESP_PKG_EDI_REDEBRASIL", line 339
ORA-06512: em "CONSINCO.ESP_PKG_EDI_REDEBRASIL", line 339
ORA-06512: em "CONSINCO.ESP_PKG_EDI_REDEBRASIL", line 495
ORA-06512: em "CONSINCO.ESP_PKG_EDI_REDEBRASIL", line 495
ORA-06512: em line 1
--------------------------------------------------------------------------------
[2024-12-19 16:00:23] Data: 12/11/2024 - Empresa: 27 - Erro: ORA-04036: Memória PGA usada pela instância excede PGA_AGGREGATE_LIMIT
ORA-06512: em "CONSINCO.ESP_PKG_EDI_REDEBRASIL", line 339
ORA-06512: em "CONSINCO.ESP_PKG_EDI_REDEBRASIL", line 339
ORA-06512: em "CONSINCO.ESP_PKG_EDI_REDEBRASIL", line 495
ORA-06512: em "CONSINCO.ESP_PKG_EDI_REDEBRASIL", line 495
ORA-06512: em line 1
--------------------------------------------------------------------------------
[2024-12-20 20:01:19] Data: 28/07/2024 - Empresa: 42 - Erro: DPI-1080: connection was closed by ORA-3113
--------------------------------------------------------------------------------
[2024-12-20 20:02:29] Data: 29/07/2024 - Empresa: 42 - Erro: DPI-1010: not connected
--------------------------------------------------------------------------------
[2024-12-20 20:02:29] Data: 31/07/2024 - Empresa: 42 - Erro: DPI-1010: not connected
--------------------------------------------------------------------------------
[2024-12-24 13:15:59] Data: 08/05/2024 - Empresa: 29 - Erro: DPI-1080: connection was closed by ORA-3113
--------------------------------------------------------------------------------
[2024-12-24 13:16:08] Data: 08/05/2024 - Empresa: 2 - Erro: DPI-1080: connection was closed by ORA-3113
--------------------------------------------------------------------------------
[2024-12-24 13:16:18] Data: 01/06/2024 - Empresa: 39 - Erro: DPI-1080: connection was closed by ORA-3113
--------------------------------------------------------------------------------
[2024-12-24 13:16:21] Data: 08/05/2024 - Empresa: 40 - Erro: DPI-1080: connection was closed by ORA-3113
--------------------------------------------------------------------------------
[2024-12-24 13:16:30] Data: 08/05/2024 - Empresa: 41 - Erro: DPI-1080: connection was closed by ORA-3113
--------------------------------------------------------------------------------
[2024-12-24 13:16:40] Data: 08/05/2024 - Empresa: 44 - Erro: DPI-1080: connection was closed by ORA-3113
--------------------------------------------------------------------------------
[2024-12-24 13:16:49] Data: 08/05/2024 - Empresa: 48 - Erro: DPI-1010: not connected
--------------------------------------------------------------------------------
[2024-12-24 13:16:49] Data: 09/05/2024 - Empresa: 48 - Erro: DPI-1010: not connected
--------------------------------------------------------------------------------
[2024-12-24 13:16:49] Data: 11/05/2024 - Empresa: 48 - Erro: DPI-1010: not connected
--------------------------------------------------------------------------------
[2024-12-24 13:16:49] Data: 08/05/2024 - Empresa: 46 - Erro: DPI-1080: connection was closed by ORA-3113
--------------------------------------------------------------------------------
[2024-12-24 13:16:49] Data: 15/05/2024 - Empresa: 48 - Erro: DPI-1010: not connected
--------------------------------------------------------------------------------
[2024-12-24 13:16:50] Data: 24/05/2024 - Empresa: 48 - Erro: DPI-1010: not connected
--------------------------------------------------------------------------------
[2024-12-24 13:16:50] Data: 02/06/2024 - Empresa: 48 - Erro: DPI-1010: not connected
--------------------------------------------------------------------------------
[2024-12-24 13:16:50] Data: 06/06/2024 - Empresa: 48 - Erro: DPI-1010: not connected
--------------------------------------------------------------------------------
[2024-12-24 13:16:50] Data: 09/06/2024 - Empresa: 48 - Erro: DPI-1010: not connected
--------------------------------------------------------------------------------
[2024-12-24 13:16:50] Data: 16/06/2024 - Empresa: 48 - Erro: DPI-1010: not connected
--------------------------------------------------------------------------------
[2024-12-24 13:16:51] Data: 23/06/2024 - Empresa: 48 - Erro: DPI-1010: not connected
--------------------------------------------------------------------------------
[2024-12-24 13:16:51] Data: 26/06/2024 - Empresa: 48 - Erro: DPI-1010: not connected
--------------------------------------------------------------------------------
[2024-12-24 13:16:51] Data: 03/07/2024 - Empresa: 48 - Erro: DPI-1010: not connected
--------------------------------------------------------------------------------
[2024-12-24 13:16:51] Data: 09/07/2024 - Empresa: 48 - Erro: DPI-1010: not connected
--------------------------------------------------------------------------------
[2024-12-24 13:16:51] Data: 11/07/2024 - Empresa: 48 - Erro: DPI-1010: not connected
--------------------------------------------------------------------------------
[2024-12-24 13:16:51] Data: 14/07/2024 - Empresa: 48 - Erro: DPI-1010: not connected
--------------------------------------------------------------------------------
[2024-12-24 13:16:52] Data: 19/07/2024 - Empresa: 48 - Erro: DPI-1010: not connected
--------------------------------------------------------------------------------
[2024-12-24 13:16:52] Data: 27/07/2024 - Empresa: 48 - Erro: DPI-1010: not connected
--------------------------------------------------------------------------------
[2024-12-24 13:16:52] Data: 28/07/2024 - Empresa: 48 - Erro: DPI-1010: not connected
--------------------------------------------------------------------------------
[2024-12-24 13:16:52] Data: 05/08/2024 - Empresa: 48 - Erro: DPI-1010: not connected
--------------------------------------------------------------------------------
[2024-12-24 13:16:52] Data: 10/08/2024 - Empresa: 48 - Erro: DPI-1010: not connected
--------------------------------------------------------------------------------
[2024-12-24 13:16:52] Data: 12/08/2024 - Empresa: 48 - Erro: DPI-1010: not connected
--------------------------------------------------------------------------------
[2024-12-24 13:16:52] Data: 18/08/2024 - Empresa: 48 - Erro: DPI-1010: not connected
--------------------------------------------------------------------------------
[2024-12-24 13:16:53] Data: 25/08/2024 - Empresa: 48 - Erro: DPI-1010: not connected
--------------------------------------------------------------------------------
[2024-12-24 13:16:53] Data: 27/08/2024 - Empresa: 48 - Erro: DPI-1010: not connected
--------------------------------------------------------------------------------
[2024-12-24 13:16:53] Data: 31/08/2024 - Empresa: 48 - Erro: DPI-1010: not connected
--------------------------------------------------------------------------------
[2024-12-24 13:16:53] Data: 06/09/2024 - Empresa: 48 - Erro: DPI-1010: not connected
--------------------------------------------------------------------------------
[2024-12-24 13:16:53] Data: 11/09/2024 - Empresa: 48 - Erro: DPI-1010: not connected
--------------------------------------------------------------------------------
[2024-12-24 13:16:53] Data: 13/09/2024 - Empresa: 48 - Erro: DPI-1010: not connected
--------------------------------------------------------------------------------
[2024-12-24 13:16:53] Data: 19/09/2024 - Empresa: 48 - Erro: DPI-1010: not connected
--------------------------------------------------------------------------------
[2024-12-24 13:16:54] Data: 26/09/2024 - Empresa: 48 - Erro: DPI-1010: not connected
--------------------------------------------------------------------------------
[2024-12-24 13:16:54] Data: 28/09/2024 - Empresa: 48 - Erro: DPI-1010: not connected
--------------------------------------------------------------------------------
[2024-12-24 13:16:54] Data: 30/09/2024 - Empresa: 48 - Erro: DPI-1010: not connected
--------------------------------------------------------------------------------
[2024-12-24 13:16:54] Data: 10/10/2024 - Empresa: 48 - Erro: DPI-1010: not connected
--------------------------------------------------------------------------------
[2024-12-24 13:16:54] Data: 14/10/2024 - Empresa: 48 - Erro: DPI-1010: not connected
--------------------------------------------------------------------------------
[2024-12-24 13:16:54] Data: 17/10/2024 - Empresa: 48 - Erro: DPI-1010: not connected
--------------------------------------------------------------------------------
[2024-12-24 13:16:55] Data: 22/10/2024 - Empresa: 48 - Erro: DPI-1010: not connected
--------------------------------------------------------------------------------
[2024-12-24 13:16:55] Data: 28/10/2024 - Empresa: 48 - Erro: DPI-1010: not connected
--------------------------------------------------------------------------------
[2024-12-24 13:16:55] Data: 30/10/2024 - Empresa: 48 - Erro: DPI-1010: not connected
--------------------------------------------------------------------------------
[2024-12-24 13:16:55] Data: 01/11/2024 - Empresa: 48 - Erro: DPI-1010: not connected
--------------------------------------------------------------------------------
[2024-12-24 13:16:55] Data: 09/11/2024 - Empresa: 48 - Erro: DPI-1010: not connected
--------------------------------------------------------------------------------
[2024-12-24 13:16:55] Data: 14/11/2024 - Empresa: 48 - Erro: DPI-1010: not connected
--------------------------------------------------------------------------------
[2024-12-24 13:16:55] Data: 17/11/2024 - Empresa: 48 - Erro: DPI-1010: not connected
--------------------------------------------------------------------------------
[2024-12-24 13:16:55] Data: 22/11/2024 - Empresa: 48 - Erro: DPI-1010: not connected
--------------------------------------------------------------------------------
[2024-12-24 13:16:56] Data: 29/11/2024 - Empresa: 48 - Erro: DPI-1010: not connected
--------------------------------------------------------------------------------
[2024-12-24 13:16:56] Data: 01/12/2024 - Empresa: 48 - Erro: DPI-1010: not connected
--------------------------------------------------------------------------------
[2024-12-24 13:16:56] Data: 03/12/2024 - Empresa: 48 - Erro: DPI-1010: not connected
--------------------------------------------------------------------------------
[2024-12-24 13:16:56] Data: 11/12/2024 - Empresa: 48 - Erro: DPI-1010: not connected
--------------------------------------------------------------------------------
[2024-12-24 13:16:56] Data: 16/12/2024 - Empresa: 48 - Erro: DPI-1010: not connected
--------------------------------------------------------------------------------
[2024-12-24 13:16:56] Data: 18/12/2024 - Empresa: 48 - Erro: DPI-1010: not connected
--------------------------------------------------------------------------------
[2024-12-24 13:16:56] Data: 24/12/2024 - Empresa: 48 - Erro: DPI-1010: not connected
--------------------------------------------------------------------------------
[2024-12-24 13:16:57] Data: 31/12/2024 - Empresa: 48 - Erro: DPI-1010: not connected
--------------------------------------------------------------------------------
[2024-12-24 13:16:59] Data: 08/05/2024 - Empresa: 47 - Erro: DPI-1080: connection was closed by ORA-3113
--------------------------------------------------------------------------------
[2024-12-24 13:17:16] Data: 08/05/2024 - Empresa: 49 - Erro: DPI-1080: connection was closed by ORA-3113
--------------------------------------------------------------------------------
[2024-12-24 13:17:25] Data: 08/05/2024 - Empresa: 50 - Erro: DPI-1080: connection was closed by ORA-3113
--------------------------------------------------------------------------------
[2024-12-24 21:01:14] Data: 22/11/2024 - Empresa: 11 - Erro: ORA-00060: conflito detectado ao aguardar recurso
ORA-06512: em "CONSINCO.ESP_PKG_EDI_REDEBRASIL", line 367
ORA-06512: em "CONSINCO.ESP_PKG_EDI_REDEBRASIL", line 367
ORA-06512: em "CONSINCO.ESP_PKG_EDI_REDEBRASIL", line 495
ORA-06512: em "CONSINCO.ESP_PKG_EDI_REDEBRASIL", line 495
ORA-06512: em line 1
--------------------------------------------------------------------------------
[2024-12-24 21:06:17] Data: 22/11/2024 - Empresa: 37 - Erro: ORA-00060: conflito detectado ao aguardar recurso
ORA-06512: em "CONSINCO.ESP_PKG_EDI_REDEBRASIL", line 367
ORA-06512: em "CONSINCO.ESP_PKG_EDI_REDEBRASIL", line 367
ORA-06512: em "CONSINCO.ESP_PKG_EDI_REDEBRASIL", line 495
ORA-06512: em "CONSINCO.ESP_PKG_EDI_REDEBRASIL", line 495
ORA-06512: em line 1
--------------------------------------------------------------------------------
[2024-12-27 08:16:43] Data: 01/12/2024 - Empresa: 31 - Erro: DPI-1080: connection was closed by ORA-28
--------------------------------------------------------------------------------
[2024-12-27 08:16:43] Data: 20/12/2024 - Empresa: 31 - Erro: DPI-1010: not connected
--------------------------------------------------------------------------------
[2024-12-27 08:16:44] Data: 21/12/2024 - Empresa: 31 - Erro: DPI-1010: not connected
--------------------------------------------------------------------------------
[2024-12-27 08:16:44] Data: 22/12/2024 - Empresa: 31 - Erro: DPI-1010: not connected
--------------------------------------------------------------------------------
[2024-12-27 08:16:44] Data: 26/12/2024 - Empresa: 31 - Erro: DPI-1010: not connected
--------------------------------------------------------------------------------
[2024-12-27 08:16:44] Data: 27/12/2024 - Empresa: 31 - Erro: DPI-1010: not connected
--------------------------------------------------------------------------------
[2024-12-27 08:16:44] Data: 01/12/2024 - Empresa: 42 - Erro: DPI-1010: not connected
--------------------------------------------------------------------------------
[2024-12-27 08:16:45] Data: 02/12/2024 - Empresa: 42 - Erro: DPI-1010: not connected
--------------------------------------------------------------------------------
[2024-12-27 08:16:45] Data: 06/12/2024 - Empresa: 42 - Erro: DPI-1010: not connected
--------------------------------------------------------------------------------
[2024-12-27 08:16:45] Data: 07/12/2024 - Empresa: 42 - Erro: DPI-1010: not connected
--------------------------------------------------------------------------------
[2024-12-27 08:16:45] Data: 08/12/2024 - Empresa: 42 - Erro: DPI-1010: not connected
--------------------------------------------------------------------------------
[2024-12-27 08:16:45] Data: 09/12/2024 - Empresa: 42 - Erro: DPI-1010: not connected
--------------------------------------------------------------------------------
[2024-12-27 08:16:46] Data: 10/12/2024 - Empresa: 42 - Erro: DPI-1010: not connected
--------------------------------------------------------------------------------
[2024-12-27 08:16:46] Data: 11/12/2024 - Empresa: 42 - Erro: DPI-1010: not connected
--------------------------------------------------------------------------------
[2024-12-27 08:16:46] Data: 12/12/2024 - Empresa: 42 - Erro: DPI-1010: not connected
--------------------------------------------------------------------------------
[2024-12-27 08:16:46] Data: 16/12/2024 - Empresa: 42 - Erro: DPI-1010: not connected
--------------------------------------------------------------------------------
[2024-12-27 08:16:46] Data: 17/12/2024 - Empresa: 42 - Erro: DPI-1010: not connected
--------------------------------------------------------------------------------
[2024-12-27 08:16:46] Data: 18/12/2024 - Empresa: 42 - Erro: DPI-1010: not connected
--------------------------------------------------------------------------------
[2024-12-27 08:16:46] Data: 19/12/2024 - Empresa: 42 - Erro: DPI-1010: not connected
--------------------------------------------------------------------------------
[2024-12-27 08:16:46] Data: 20/12/2024 - Empresa: 42 - Erro: DPI-1010: not connected
--------------------------------------------------------------------------------
[2024-12-27 08:16:47] Data: 21/12/2024 - Empresa: 42 - Erro: DPI-1010: not connected
--------------------------------------------------------------------------------
[2024-12-27 08:16:47] Data: 22/12/2024 - Empresa: 42 - Erro: DPI-1010: not connected
--------------------------------------------------------------------------------
[2024-12-27 08:16:47] Data: 23/12/2024 - Empresa: 42 - Erro: DPI-1010: not connected
--------------------------------------------------------------------------------
[2024-12-27 08:16:47] Data: 27/12/2024 - Empresa: 42 - Erro: DPI-1010: not connected
--------------------------------------------------------------------------------
[2024-12-27 08:16:47] Data: 01/12/2024 - Empresa: 51 - Erro: DPI-1010: not connected
--------------------------------------------------------------------------------
[2024-12-27 08:16:47] Data: 02/12/2024 - Empresa: 51 - Erro: DPI-1010: not connected
--------------------------------------------------------------------------------
[2024-12-27 08:16:47] Data: 03/12/2024 - Empresa: 51 - Erro: DPI-1010: not connected
--------------------------------------------------------------------------------
[2024-12-27 08:16:47] Data: 04/12/2024 - Empresa: 51 - Erro: DPI-1010: not connected
--------------------------------------------------------------------------------
[2024-12-27 08:16:47] Data: 05/12/2024 - Empresa: 51 - Erro: DPI-1010: not connected
--------------------------------------------------------------------------------
[2024-12-27 08:16:48] Data: 06/12/2024 - Empresa: 51 - Erro: DPI-1010: not connected
--------------------------------------------------------------------------------
[2024-12-27 08:16:48] Data: 07/12/2024 - Empresa: 51 - Erro: DPI-1010: not connected
--------------------------------------------------------------------------------
[2024-12-27 08:16:48] Data: 08/12/2024 - Empresa: 51 - Erro: DPI-1010: not connected
--------------------------------------------------------------------------------
[2024-12-27 08:16:48] Data: 09/12/2024 - Empresa: 51 - Erro: DPI-1010: not connected
--------------------------------------------------------------------------------
[2024-12-27 08:16:48] Data: 13/12/2024 - Empresa: 51 - Erro: DPI-1010: not connected
--------------------------------------------------------------------------------
[2024-12-27 08:16:48] Data: 14/12/2024 - Empresa: 51 - Erro: DPI-1010: not connected
--------------------------------------------------------------------------------
[2024-12-27 08:16:48] Data: 15/12/2024 - Empresa: 51 - Erro: DPI-1010: not connected
--------------------------------------------------------------------------------
[2024-12-27 08:16:48] Data: 16/12/2024 - Empresa: 51 - Erro: DPI-1010: not connected
--------------------------------------------------------------------------------
[2024-12-27 08:16:48] Data: 17/12/2024 - Empresa: 51 - Erro: DPI-1010: not connected
--------------------------------------------------------------------------------
[2024-12-27 08:16:48] Data: 18/12/2024 - Empresa: 51 - Erro: DPI-1010: not connected
--------------------------------------------------------------------------------
[2024-12-27 08:16:48] Data: 19/12/2024 - Empresa: 51 - Erro: DPI-1010: not connected
--------------------------------------------------------------------------------
[2024-12-27 08:16:48] Data: 20/12/2024 - Empresa: 51 - Erro: DPI-1010: not connected
--------------------------------------------------------------------------------
[2024-12-27 08:16:48] Data: 21/12/2024 - Empresa: 51 - Erro: DPI-1010: not connected
--------------------------------------------------------------------------------
[2024-12-27 08:16:48] Data: 22/12/2024 - Empresa: 51 - Erro: DPI-1010: not connected
--------------------------------------------------------------------------------
[2024-12-27 08:16:49] Data: 23/12/2024 - Empresa: 51 - Erro: DPI-1010: not connected
--------------------------------------------------------------------------------
[2024-12-27 08:16:49] Data: 24/12/2024 - Empresa: 51 - Erro: DPI-1010: not connected
--------------------------------------------------------------------------------
[2024-12-27 08:16:49] Data: 25/12/2024 - Empresa: 51 - Erro: DPI-1010: not connected
--------------------------------------------------------------------------------
[2024-12-27 08:16:49] Data: 26/12/2024 - Empresa: 51 - Erro: DPI-1010: not connected
--------------------------------------------------------------------------------
[2024-12-27 08:17:20] Data: 02/12/2024 - Empresa: 28 - Erro: DPI-1010: not connected
--------------------------------------------------------------------------------
[2024-12-27 08:17:20] Data: 03/12/2024 - Empresa: 28 - Erro: DPI-1010: not connected
--------------------------------------------------------------------------------
[2024-12-27 08:17:20] Data: 04/12/2024 - Empresa: 28 - Erro: DPI-1010: not connected
--------------------------------------------------------------------------------
[2024-12-27 08:17:20] Data: 05/12/2024 - Empresa: 28 - Erro: DPI-1010: not connected
--------------------------------------------------------------------------------
[2024-12-27 08:17:20] Data: 06/12/2024 - Empresa: 28 - Erro: DPI-1010: not connected
--------------------------------------------------------------------------------
[2024-12-27 08:17:20] Data: 07/12/2024 - Empresa: 28 - Erro: DPI-1010: not connected
--------------------------------------------------------------------------------
[2024-12-27 08:17:20] Data: 08/12/2024 - Empresa: 28 - Erro: DPI-1010: not connected
--------------------------------------------------------------------------------
[2024-12-27 08:17:20] Data: 09/12/2024 - Empresa: 28 - Erro: DPI-1010: not connected
--------------------------------------------------------------------------------
[2024-12-27 08:17:21] Data: 10/12/2024 - Empresa: 28 - Erro: DPI-1010: not connected
--------------------------------------------------------------------------------
[2024-12-27 08:17:21] Data: 11/12/2024 - Empresa: 28 - Erro: DPI-1010: not connected
--------------------------------------------------------------------------------
[2024-12-27 08:17:21] Data: 12/12/2024 - Empresa: 28 - Erro: DPI-1010: not connected
--------------------------------------------------------------------------------
[2024-12-27 08:17:21] Data: 14/12/2024 - Empresa: 28 - Erro: DPI-1010: not connected
--------------------------------------------------------------------------------
[2024-12-27 08:17:21] Data: 18/12/2024 - Empresa: 28 - Erro: DPI-1010: not connected
--------------------------------------------------------------------------------
[2024-12-27 08:17:21] Data: 19/12/2024 - Empresa: 28 - Erro: DPI-1010: not connected
--------------------------------------------------------------------------------
[2024-12-27 08:17:21] Data: 20/12/2024 - Empresa: 28 - Erro: DPI-1010: not connected
--------------------------------------------------------------------------------
[2024-12-27 08:17:21] Data: 21/12/2024 - Empresa: 28 - Erro: DPI-1010: not connected
--------------------------------------------------------------------------------
[2024-12-27 08:17:21] Data: 22/12/2024 - Empresa: 28 - Erro: DPI-1010: not connected
--------------------------------------------------------------------------------
[2024-12-27 08:17:21] Data: 23/12/2024 - Empresa: 28 - Erro: DPI-1010: not connected
--------------------------------------------------------------------------------
[2024-12-27 08:17:21] Data: 24/12/2024 - Empresa: 28 - Erro: DPI-1010: not connected
--------------------------------------------------------------------------------
[2024-12-27 08:17:21] Data: 25/12/2024 - Empresa: 28 - Erro: DPI-1010: not connected
--------------------------------------------------------------------------------
[2024-12-27 08:17:22] Data: 26/12/2024 - Empresa: 28 - Erro: DPI-1010: not connected
--------------------------------------------------------------------------------
[2024-12-27 08:17:22] Data: 27/12/2024 - Empresa: 28 - Erro: DPI-1010: not connected
--------------------------------------------------------------------------------
[2024-12-27 08:18:12] Data: 10/12/2024 - Empresa: 51 - Erro: DPI-1010: not connected
--------------------------------------------------------------------------------
[2024-12-27 08:18:31] Data: 02/12/2024 - Empresa: 9 - Erro: DPI-1010: not connected
--------------------------------------------------------------------------------
[2024-12-27 08:18:32] Data: 05/12/2024 - Empresa: 9 - Erro: DPI-1010: not connected
--------------------------------------------------------------------------------
[2024-12-27 08:18:32] Data: 08/12/2024 - Empresa: 9 - Erro: DPI-1010: not connected
--------------------------------------------------------------------------------
[2024-12-27 08:18:32] Data: 12/12/2024 - Empresa: 9 - Erro: DPI-1010: not connected
--------------------------------------------------------------------------------
[2024-12-27 08:18:33] Data: 15/12/2024 - Empresa: 9 - Erro: DPI-1010: not connected
--------------------------------------------------------------------------------
[2024-12-27 08:18:33] Data: 18/12/2024 - Empresa: 9 - Erro: DPI-1010: not connected
--------------------------------------------------------------------------------
[2024-12-27 08:18:33] Data: 22/12/2024 - Empresa: 9 - Erro: DPI-1010: not connected
--------------------------------------------------------------------------------
[2024-12-27 08:18:33] Data: 26/12/2024 - Empresa: 9 - Erro: DPI-1010: not connected
--------------------------------------------------------------------------------
[2024-12-27 08:18:34] Data: 02/12/2024 - Empresa: 11 - Erro: DPI-1010: not connected
--------------------------------------------------------------------------------
[2024-12-27 08:18:34] Data: 04/12/2024 - Empresa: 11 - Erro: DPI-1010: not connected
--------------------------------------------------------------------------------
[2024-12-27 08:18:34] Data: 08/12/2024 - Empresa: 11 - Erro: DPI-1010: not connected
--------------------------------------------------------------------------------
[2024-12-27 08:18:34] Data: 11/12/2024 - Empresa: 11 - Erro: DPI-1010: not connected
--------------------------------------------------------------------------------
[2024-12-27 08:18:35] Data: 14/12/2024 - Empresa: 11 - Erro: DPI-1010: not connected
--------------------------------------------------------------------------------
[2024-12-27 08:18:35] Data: 15/12/2024 - Empresa: 11 - Erro: DPI-1010: not connected
--------------------------------------------------------------------------------
[2024-12-27 08:18:35] Data: 17/12/2024 - Empresa: 11 - Erro: DPI-1010: not connected
--------------------------------------------------------------------------------
[2024-12-27 08:18:35] Data: 21/12/2024 - Empresa: 11 - Erro: DPI-1010: not connected
--------------------------------------------------------------------------------
[2024-12-27 08:18:35] Data: 23/12/2024 - Empresa: 11 - Erro: DPI-1010: not connected
--------------------------------------------------------------------------------
[2024-12-27 08:18:35] Data: 25/12/2024 - Empresa: 11 - Erro: DPI-1010: not connected
--------------------------------------------------------------------------------
[2024-12-27 08:18:35] Data: 27/12/2024 - Empresa: 11 - Erro: DPI-1010: not connected
--------------------------------------------------------------------------------
[2024-12-27 08:18:38] Data: 02/12/2024 - Empresa: 16 - Erro: DPI-1010: not connected
--------------------------------------------------------------------------------
[2024-12-27 08:18:39] Data: 04/12/2024 - Empresa: 16 - Erro: DPI-1010: not connected
--------------------------------------------------------------------------------
[2024-12-27 08:18:39] Data: 06/12/2024 - Empresa: 16 - Erro: DPI-1010: not connected
--------------------------------------------------------------------------------
[2024-12-27 08:18:39] Data: 09/12/2024 - Empresa: 16 - Erro: DPI-1010: not connected
--------------------------------------------------------------------------------
[2024-12-27 08:18:39] Data: 11/12/2024 - Empresa: 16 - Erro: DPI-1010: not connected
--------------------------------------------------------------------------------
[2024-12-27 08:18:39] Data: 13/12/2024 - Empresa: 16 - Erro: DPI-1010: not connected
--------------------------------------------------------------------------------
[2024-12-27 08:18:39] Data: 15/12/2024 - Empresa: 16 - Erro: DPI-1010: not connected
--------------------------------------------------------------------------------
[2024-12-27 08:18:40] Data: 17/12/2024 - Empresa: 16 - Erro: DPI-1010: not connected
--------------------------------------------------------------------------------
[2024-12-27 08:18:40] Data: 19/12/2024 - Empresa: 16 - Erro: DPI-1010: not connected
--------------------------------------------------------------------------------
[2024-12-27 08:18:40] Data: 24/12/2024 - Empresa: 16 - Erro: DPI-1010: not connected
--------------------------------------------------------------------------------
[2024-12-27 08:19:11] Data: 02/12/2024 - Empresa: 52 - Erro: DPI-1010: not connected
--------------------------------------------------------------------------------
[2024-12-27 08:19:11] Data: 06/12/2024 - Empresa: 52 - Erro: DPI-1010: not connected
--------------------------------------------------------------------------------
[2024-12-27 08:19:11] Data: 10/12/2024 - Empresa: 52 - Erro: DPI-1010: not connected
--------------------------------------------------------------------------------
[2024-12-27 08:19:12] Data: 15/12/2024 - Empresa: 52 - Erro: DPI-1010: not connected
--------------------------------------------------------------------------------
[2024-12-27 08:19:12] Data: 18/12/2024 - Empresa: 52 - Erro: DPI-1010: not connected
--------------------------------------------------------------------------------
[2024-12-27 08:19:12] Data: 22/12/2024 - Empresa: 52 - Erro: DPI-1010: not connected
--------------------------------------------------------------------------------
[2024-12-27 08:20:03] Data: 04/12/2024 - Empresa: 39 - Erro: DPI-1010: not connected
--------------------------------------------------------------------------------
[2024-12-27 08:20:03] Data: 07/12/2024 - Empresa: 39 - Erro: DPI-1010: not connected
--------------------------------------------------------------------------------
[2024-12-27 08:20:03] Data: 11/12/2024 - Empresa: 39 - Erro: DPI-1010: not connected
--------------------------------------------------------------------------------
[2024-12-27 08:20:04] Data: 19/12/2024 - Empresa: 39 - Erro: DPI-1010: not connected
--------------------------------------------------------------------------------
[2024-12-27 08:20:04] Data: 22/12/2024 - Empresa: 39 - Erro: DPI-1010: not connected
--------------------------------------------------------------------------------
[2024-12-27 08:20:04] Data: 04/12/2024 - Empresa: 40 - Erro: DPI-1010: not connected
--------------------------------------------------------------------------------
[2024-12-27 08:20:05] Data: 09/12/2024 - Empresa: 40 - Erro: DPI-1010: not connected
--------------------------------------------------------------------------------
[2024-12-27 08:20:05] Data: 13/12/2024 - Empresa: 40 - Erro: DPI-1010: not connected
--------------------------------------------------------------------------------
[2024-12-27 08:20:06] Data: 18/12/2024 - Empresa: 40 - Erro: DPI-1010: not connected
--------------------------------------------------------------------------------
[2024-12-27 08:20:06] Data: 23/12/2024 - Empresa: 40 - Erro: DPI-1010: not connected
--------------------------------------------------------------------------------
[2024-12-27 08:20:06] Data: 27/12/2024 - Empresa: 40 - Erro: DPI-1010: not connected
--------------------------------------------------------------------------------
[2024-12-27 08:20:19] Data: 03/12/2024 - Empresa: 52 - Erro: DPI-1010: not connected
--------------------------------------------------------------------------------
[2024-12-27 08:20:19] Data: 12/12/2024 - Empresa: 52 - Erro: DPI-1010: not connected
--------------------------------------------------------------------------------
[2024-12-27 08:20:19] Data: 16/12/2024 - Empresa: 52 - Erro: DPI-1010: not connected
--------------------------------------------------------------------------------
[2024-12-27 08:20:20] Data: 25/12/2024 - Empresa: 52 - Erro: DPI-1010: not connected
--------------------------------------------------------------------------------
[2024-12-27 08:20:22] Data: 04/12/2024 - Empresa: 1 - Erro: DPI-1010: not connected
--------------------------------------------------------------------------------
[2024-12-27 08:20:22] Data: 06/12/2024 - Empresa: 1 - Erro: DPI-1010: not connected
--------------------------------------------------------------------------------
[2024-12-27 08:20:23] Data: 15/12/2024 - Empresa: 1 - Erro: DPI-1010: not connected
--------------------------------------------------------------------------------
[2024-12-27 08:20:23] Data: 19/12/2024 - Empresa: 1 - Erro: DPI-1010: not connected
--------------------------------------------------------------------------------
[2024-12-27 08:20:23] Data: 20/12/2024 - Empresa: 1 - Erro: DPI-1010: not connected
--------------------------------------------------------------------------------
[2024-12-27 08:20:51] Data: 03/12/2024 - Empresa: 17 - Erro: DPI-1010: not connected
--------------------------------------------------------------------------------
[2024-12-27 08:20:51] Data: 08/12/2024 - Empresa: 17 - Erro: DPI-1010: not connected
--------------------------------------------------------------------------------
[2024-12-27 08:20:51] Data: 11/12/2024 - Empresa: 17 - Erro: DPI-1010: not connected
--------------------------------------------------------------------------------
[2024-12-27 08:20:52] Data: 16/12/2024 - Empresa: 17 - Erro: DPI-1010: not connected
--------------------------------------------------------------------------------
[2024-12-27 08:20:52] Data: 19/12/2024 - Empresa: 17 - Erro: DPI-1010: not connected
--------------------------------------------------------------------------------
[2024-12-27 08:20:52] Data: 23/12/2024 - Empresa: 17 - Erro: DPI-1010: not connected
--------------------------------------------------------------------------------
[2024-12-27 08:20:57] Data: 03/12/2024 - Empresa: 2 - Erro: DPI-1010: not connected
--------------------------------------------------------------------------------
[2024-12-27 08:20:57] Data: 08/12/2024 - Empresa: 2 - Erro: DPI-1010: not connected
--------------------------------------------------------------------------------
[2024-12-27 08:20:57] Data: 13/12/2024 - Empresa: 2 - Erro: DPI-1010: not connected
--------------------------------------------------------------------------------
[2024-12-27 08:20:58] Data: 18/12/2024 - Empresa: 2 - Erro: DPI-1010: not connected
--------------------------------------------------------------------------------
[2024-12-27 08:20:58] Data: 23/12/2024 - Empresa: 2 - Erro: DPI-1010: not connected
--------------------------------------------------------------------------------
[2024-12-27 08:21:53] Data: 04/12/2024 - Empresa: 2 - Erro: DPI-1010: not connected
--------------------------------------------------------------------------------
[2024-12-27 08:21:54] Data: 06/12/2024 - Empresa: 2 - Erro: DPI-1010: not connected
--------------------------------------------------------------------------------
[2024-12-27 08:21:54] Data: 15/12/2024 - Empresa: 2 - Erro: DPI-1010: not connected
--------------------------------------------------------------------------------
[2024-12-27 08:21:54] Data: 19/12/2024 - Empresa: 2 - Erro: DPI-1010: not connected
--------------------------------------------------------------------------------
[2024-12-27 08:21:55] Data: 20/12/2024 - Empresa: 2 - Erro: DPI-1010: not connected
--------------------------------------------------------------------------------
[2024-12-27 08:22:15] Data: 07/12/2024 - Empresa: 1 - Erro: DPI-1010: not connected
--------------------------------------------------------------------------------
[2024-12-27 08:22:15] Data: 11/12/2024 - Empresa: 1 - Erro: DPI-1010: not connected
--------------------------------------------------------------------------------
[2024-12-27 08:22:16] Data: 18/12/2024 - Empresa: 1 - Erro: DPI-1010: not connected
--------------------------------------------------------------------------------
[2024-12-27 08:22:16] Data: 25/12/2024 - Empresa: 1 - Erro: DPI-1010: not connected
--------------------------------------------------------------------------------
[2024-12-27 08:22:39] Data: 04/12/2024 - Empresa: 29 - Erro: DPI-1010: not connected
--------------------------------------------------------------------------------
[2024-12-27 08:22:40] Data: 08/12/2024 - Empresa: 29 - Erro: DPI-1010: not connected
--------------------------------------------------------------------------------
[2024-12-27 08:22:40] Data: 15/12/2024 - Empresa: 29 - Erro: DPI-1010: not connected
--------------------------------------------------------------------------------
[2024-12-27 08:22:40] Data: 19/12/2024 - Empresa: 29 - Erro: DPI-1010: not connected
--------------------------------------------------------------------------------
[2024-12-27 08:22:41] Data: 23/12/2024 - Empresa: 29 - Erro: DPI-1010: not connected
--------------------------------------------------------------------------------
[2024-12-27 08:22:42] Data: 08/12/2024 - Empresa: 39 - Erro: DPI-1010: not connected
--------------------------------------------------------------------------------
[2024-12-27 08:22:42] Data: 10/12/2024 - Empresa: 39 - Erro: DPI-1010: not connected
--------------------------------------------------------------------------------
[2024-12-27 08:22:43] Data: 16/12/2024 - Empresa: 39 - Erro: DPI-1010: not connected
--------------------------------------------------------------------------------
[2024-12-27 08:22:43] Data: 23/12/2024 - Empresa: 39 - Erro: DPI-1010: not connected
--------------------------------------------------------------------------------
[2024-12-27 08:22:43] Data: 06/12/2024 - Empresa: 40 - Erro: DPI-1010: not connected
--------------------------------------------------------------------------------
[2024-12-27 08:22:43] Data: 11/12/2024 - Empresa: 40 - Erro: DPI-1010: not connected
--------------------------------------------------------------------------------
[2024-12-27 08:22:44] Data: 16/12/2024 - Empresa: 40 - Erro: DPI-1010: not connected
--------------------------------------------------------------------------------
[2024-12-27 08:22:44] Data: 22/12/2024 - Empresa: 40 - Erro: DPI-1010: not connected
--------------------------------------------------------------------------------
[2024-12-27 08:22:54] Data: 07/12/2024 - Empresa: 50 - Erro: DPI-1010: not connected
--------------------------------------------------------------------------------
[2024-12-27 08:22:54] Data: 11/12/2024 - Empresa: 50 - Erro: DPI-1010: not connected
--------------------------------------------------------------------------------
[2024-12-27 08:22:55] Data: 15/12/2024 - Empresa: 50 - Erro: DPI-1010: not connected
--------------------------------------------------------------------------------
[2024-12-27 08:22:55] Data: 22/12/2024 - Empresa: 50 - Erro: DPI-1010: not connected
--------------------------------------------------------------------------------
[2024-12-27 08:22:55] Data: 26/12/2024 - Empresa: 50 - Erro: DPI-1010: not connected
--------------------------------------------------------------------------------
[2024-12-27 08:23:36] Data: 07/12/2024 - Empresa: 48 - Erro: DPI-1010: not connected
--------------------------------------------------------------------------------
[2024-12-27 08:23:36] Data: 12/12/2024 - Empresa: 48 - Erro: DPI-1010: not connected
--------------------------------------------------------------------------------
[2024-12-27 08:23:36] Data: 14/12/2024 - Empresa: 48 - Erro: DPI-1010: not connected
--------------------------------------------------------------------------------
[2024-12-27 08:23:37] Data: 16/12/2024 - Empresa: 48 - Erro: DPI-1010: not connected
--------------------------------------------------------------------------------
[2024-12-27 08:23:37] Data: 22/12/2024 - Empresa: 48 - Erro: DPI-1010: not connected
--------------------------------------------------------------------------------
[2024-12-27 08:23:37] Data: 26/12/2024 - Empresa: 48 - Erro: DPI-1010: not connected
--------------------------------------------------------------------------------
[2024-12-27 08:23:37] Data: 07/12/2024 - Empresa: 49 - Erro: DPI-1010: not connected
--------------------------------------------------------------------------------
[2024-12-27 08:23:38] Data: 13/12/2024 - Empresa: 49 - Erro: DPI-1010: not connected
--------------------------------------------------------------------------------
[2024-12-27 08:23:38] Data: 17/12/2024 - Empresa: 49 - Erro: DPI-1010: not connected
--------------------------------------------------------------------------------
[2024-12-27 08:23:38] Data: 19/12/2024 - Empresa: 49 - Erro: DPI-1010: not connected
--------------------------------------------------------------------------------
[2024-12-27 08:23:39] Data: 24/12/2024 - Empresa: 49 - Erro: DPI-1010: not connected
--------------------------------------------------------------------------------
[2024-12-27 08:23:39] Data: 08/12/2024 - Empresa: 50 - Erro: DPI-1010: not connected
--------------------------------------------------------------------------------
[2024-12-27 08:23:39] Data: 12/12/2024 - Empresa: 50 - Erro: DPI-1010: not connected
--------------------------------------------------------------------------------
[2024-12-27 08:23:40] Data: 18/12/2024 - Empresa: 50 - Erro: DPI-1010: not connected
--------------------------------------------------------------------------------
[2024-12-27 08:23:40] Data: 24/12/2024 - Empresa: 50 - Erro: DPI-1010: not connected
--------------------------------------------------------------------------------
[2024-12-27 08:23:50] Data: 06/12/2024 - Empresa: 45 - Erro: DPI-1010: not connected
--------------------------------------------------------------------------------
[2024-12-27 08:23:51] Data: 11/12/2024 - Empresa: 45 - Erro: DPI-1010: not connected
--------------------------------------------------------------------------------
[2024-12-27 08:23:51] Data: 17/12/2024 - Empresa: 45 - Erro: DPI-1010: not connected
--------------------------------------------------------------------------------
[2024-12-27 08:23:51] Data: 20/12/2024 - Empresa: 45 - Erro: DPI-1010: not connected
--------------------------------------------------------------------------------
[2024-12-27 08:23:52] Data: 25/12/2024 - Empresa: 45 - Erro: DPI-1010: not connected
--------------------------------------------------------------------------------
[2024-12-27 08:24:19] Data: 09/12/2024 - Empresa: 50 - Erro: DPI-1010: not connected
--------------------------------------------------------------------------------
[2024-12-27 08:24:19] Data: 14/12/2024 - Empresa: 50 - Erro: DPI-1010: not connected
--------------------------------------------------------------------------------
[2024-12-27 08:24:20] Data: 20/12/2024 - Empresa: 50 - Erro: DPI-1010: not connected
--------------------------------------------------------------------------------
[2024-12-27 08:26:01] Data: 10/12/2024 - Empresa: 1 - Erro: DPI-1010: not connected
--------------------------------------------------------------------------------
[2024-12-27 08:26:01] Data: 21/12/2024 - Empresa: 1 - Erro: DPI-1010: not connected
--------------------------------------------------------------------------------
[2024-12-27 08:26:02] Data: 22/12/2024 - Empresa: 1 - Erro: DPI-1010: not connected
--------------------------------------------------------------------------------
[2024-12-27 08:26:02] Data: 26/12/2024 - Empresa: 1 - Erro: DPI-1010: not connected
--------------------------------------------------------------------------------
[2024-12-27 08:26:50] Data: 11/12/2024 - Empresa: 48 - Erro: DPI-1010: not connected
--------------------------------------------------------------------------------
[2024-12-27 08:26:50] Data: 20/12/2024 - Empresa: 48 - Erro: DPI-1010: not connected
--------------------------------------------------------------------------------
[2024-12-27 08:26:51] Data: 27/12/2024 - Empresa: 48 - Erro: DPI-1010: not connected
--------------------------------------------------------------------------------
[2024-12-27 08:26:59] Data: 07/12/2024 - Empresa: 37 - Erro: DPI-1010: not connected
--------------------------------------------------------------------------------
[2024-12-27 08:26:59] Data: 12/12/2024 - Empresa: 37 - Erro: DPI-1010: not connected
--------------------------------------------------------------------------------
[2024-12-27 08:27:00] Data: 18/12/2024 - Empresa: 37 - Erro: DPI-1010: not connected
--------------------------------------------------------------------------------
[2024-12-27 08:27:00] Data: 21/12/2024 - Empresa: 37 - Erro: DPI-1010: not connected
--------------------------------------------------------------------------------
[2024-12-27 08:27:01] Data: 17/12/2024 - Empresa: 28 - Erro: DPI-1010: not connected
--------------------------------------------------------------------------------
[2024-12-27 08:27:30] Data: 05/12/2024 - Empresa: 27 - Erro: DPI-1010: not connected
--------------------------------------------------------------------------------
[2024-12-27 08:27:30] Data: 09/12/2024 - Empresa: 27 - Erro: DPI-1010: not connected
--------------------------------------------------------------------------------
[2024-12-27 08:27:30] Data: 12/12/2024 - Empresa: 27 - Erro: DPI-1010: not connected
--------------------------------------------------------------------------------
[2024-12-27 08:27:31] Data: 17/12/2024 - Empresa: 27 - Erro: DPI-1010: not connected
--------------------------------------------------------------------------------
[2024-12-27 08:27:31] Data: 21/12/2024 - Empresa: 27 - Erro: DPI-1010: not connected
--------------------------------------------------------------------------------
[2024-12-27 08:27:31] Data: 24/12/2024 - Empresa: 27 - Erro: DPI-1010: not connected
--------------------------------------------------------------------------------
[2024-12-27 08:27:37] Data: 08/12/2024 - Empresa: 15 - Erro: DPI-1010: not connected
--------------------------------------------------------------------------------
[2024-12-27 08:27:37] Data: 12/12/2024 - Empresa: 15 - Erro: DPI-1010: not connected
--------------------------------------------------------------------------------
[2024-12-27 08:27:37] Data: 18/12/2024 - Empresa: 15 - Erro: DPI-1010: not connected
--------------------------------------------------------------------------------
[2024-12-27 08:27:38] Data: 22/12/2024 - Empresa: 15 - Erro: DPI-1010: not connected
--------------------------------------------------------------------------------
[2024-12-27 08:27:38] Data: 26/12/2024 - Empresa: 15 - Erro: DPI-1010: not connected
--------------------------------------------------------------------------------
[2024-12-27 08:27:40] Data: 09/12/2024 - Empresa: 25 - Erro: DPI-1010: not connected
--------------------------------------------------------------------------------
[2024-12-27 08:27:40] Data: 14/12/2024 - Empresa: 25 - Erro: DPI-1010: not connected
--------------------------------------------------------------------------------
[2024-12-27 08:27:41] Data: 21/12/2024 - Empresa: 25 - Erro: DPI-1010: not connected
--------------------------------------------------------------------------------
[2024-12-27 08:27:41] Data: 24/12/2024 - Empresa: 25 - Erro: DPI-1010: not connected
--------------------------------------------------------------------------------
[2024-12-27 08:27:44] Data: 08/12/2024 - Empresa: 41 - Erro: DPI-1010: not connected
--------------------------------------------------------------------------------
[2024-12-27 08:27:45] Data: 16/12/2024 - Empresa: 41 - Erro: DPI-1010: not connected
--------------------------------------------------------------------------------
[2024-12-27 08:27:45] Data: 20/12/2024 - Empresa: 41 - Erro: DPI-1010: not connected
--------------------------------------------------------------------------------
[2024-12-27 08:27:46] Data: 27/12/2024 - Empresa: 41 - Erro: DPI-1010: not connected
--------------------------------------------------------------------------------
[2024-12-27 08:27:47] Data: 11/12/2024 - Empresa: 46 - Erro: DPI-1010: not connected
--------------------------------------------------------------------------------
[2024-12-27 08:27:47] Data: 15/12/2024 - Empresa: 46 - Erro: DPI-1010: not connected
--------------------------------------------------------------------------------
[2024-12-27 08:27:48] Data: 20/12/2024 - Empresa: 46 - Erro: DPI-1010: not connected
--------------------------------------------------------------------------------
[2024-12-27 08:27:48] Data: 27/12/2024 - Empresa: 46 - Erro: DPI-1010: not connected
--------------------------------------------------------------------------------
[2024-12-27 08:28:07] Data: 09/12/2024 - Empresa: 15 - Erro: DPI-1010: not connected
--------------------------------------------------------------------------------
[2024-12-27 08:28:07] Data: 16/12/2024 - Empresa: 15 - Erro: DPI-1010: not connected
--------------------------------------------------------------------------------
[2024-12-27 08:28:08] Data: 24/12/2024 - Empresa: 15 - Erro: DPI-1010: not connected
--------------------------------------------------------------------------------
[2024-12-27 08:28:08] Data: 27/12/2024 - Empresa: 15 - Erro: DPI-1010: not connected
--------------------------------------------------------------------------------
[2024-12-27 08:28:13] Data: 25/12/2024 - Empresa: 39 - Erro: DPI-1010: not connected
--------------------------------------------------------------------------------
[2024-12-27 08:28:26] Data: 11/12/2024 - Empresa: 52 - Erro: DPI-1010: not connected
--------------------------------------------------------------------------------
[2024-12-27 08:28:26] Data: 19/12/2024 - Empresa: 52 - Erro: DPI-1010: not connected
--------------------------------------------------------------------------------
[2024-12-27 08:28:26] Data: 24/12/2024 - Empresa: 52 - Erro: DPI-1010: not connected
--------------------------------------------------------------------------------
[2024-12-27 08:28:27] Data: 27/12/2024 - Empresa: 52 - Erro: DPI-1010: not connected
--------------------------------------------------------------------------------
[2024-12-27 08:28:28] Data: 24/12/2024 - Empresa: 42 - Erro: DPI-1010: not connected
--------------------------------------------------------------------------------
[2024-12-27 08:29:20] Data: 15/12/2024 - Empresa: 40 - Erro: DPI-1010: not connected
--------------------------------------------------------------------------------
[2024-12-27 08:29:21] Data: 21/12/2024 - Empresa: 40 - Erro: DPI-1010: not connected
--------------------------------------------------------------------------------
[2024-12-27 08:29:30] Data: 14/12/2024 - Empresa: 49 - Erro: DPI-1010: not connected
--------------------------------------------------------------------------------
[2024-12-27 08:29:30] Data: 15/12/2024 - Empresa: 49 - Erro: DPI-1010: not connected
--------------------------------------------------------------------------------
[2024-12-27 08:29:30] Data: 20/12/2024 - Empresa: 49 - Erro: DPI-1010: not connected
--------------------------------------------------------------------------------
[2024-12-27 08:29:31] Data: 25/12/2024 - Empresa: 49 - Erro: DPI-1010: not connected
--------------------------------------------------------------------------------
[2024-12-27 08:29:31] Data: 26/12/2024 - Empresa: 49 - Erro: DPI-1010: not connected
--------------------------------------------------------------------------------
[2024-12-27 08:29:46] Data: 07/12/2024 - Empresa: 27 - Erro: DPI-1010: not connected
--------------------------------------------------------------------------------
[2024-12-27 08:29:46] Data: 13/12/2024 - Empresa: 27 - Erro: DPI-1010: not connected
--------------------------------------------------------------------------------
[2024-12-27 08:29:46] Data: 14/12/2024 - Empresa: 27 - Erro: DPI-1010: not connected
--------------------------------------------------------------------------------
[2024-12-27 08:29:47] Data: 20/12/2024 - Empresa: 27 - Erro: DPI-1010: not connected
--------------------------------------------------------------------------------
[2024-12-27 08:29:47] Data: 26/12/2024 - Empresa: 27 - Erro: DPI-1010: not connected
--------------------------------------------------------------------------------
[2024-12-27 08:29:53] Data: 16/12/2024 - Empresa: 16 - Erro: DPI-1010: not connected
--------------------------------------------------------------------------------
[2024-12-27 08:29:54] Data: 21/12/2024 - Empresa: 16 - Erro: DPI-1010: not connected
--------------------------------------------------------------------------------
[2024-12-27 08:29:54] Data: 27/12/2024 - Empresa: 16 - Erro: DPI-1010: not connected
--------------------------------------------------------------------------------
[2024-12-27 08:30:22] Data: 18/12/2024 - Empresa: 16 - Erro: DPI-1010: not connected
--------------------------------------------------------------------------------
[2024-12-27 08:30:22] Data: 22/12/2024 - Empresa: 16 - Erro: DPI-1010: not connected
--------------------------------------------------------------------------------
[2024-12-27 08:30:51] Data: 16/12/2024 - Empresa: 4 - Erro: DPI-1010: not connected
--------------------------------------------------------------------------------
[2024-12-27 08:30:51] Data: 21/12/2024 - Empresa: 4 - Erro: DPI-1010: not connected
--------------------------------------------------------------------------------
[2024-12-27 08:30:51] Data: 24/12/2024 - Empresa: 4 - Erro: DPI-1010: not connected
--------------------------------------------------------------------------------
[2024-12-27 08:30:52] Data: 26/12/2024 - Empresa: 4 - Erro: DPI-1010: not connected
--------------------------------------------------------------------------------
[2024-12-27 08:30:55] Data: 20/12/2024 - Empresa: 16 - Erro: DPI-1010: not connected
--------------------------------------------------------------------------------
[2024-12-27 08:30:55] Data: 26/12/2024 - Empresa: 16 - Erro: DPI-1010: not connected
--------------------------------------------------------------------------------
[2024-12-27 08:31:01] Data: 19/12/2024 - Empresa: 40 - Erro: DPI-1010: not connected
--------------------------------------------------------------------------------
[2024-12-27 08:31:17] Data: 17/12/2024 - Empresa: 4 - Erro: DPI-1010: not connected
--------------------------------------------------------------------------------
[2024-12-27 08:31:17] Data: 19/12/2024 - Empresa: 4 - Erro: DPI-1010: not connected
--------------------------------------------------------------------------------
[2024-12-27 08:31:17] Data: 23/12/2024 - Empresa: 4 - Erro: DPI-1010: not connected
--------------------------------------------------------------------------------
[2024-12-27 08:31:17] Data: 27/12/2024 - Empresa: 4 - Erro: DPI-1010: not connected
--------------------------------------------------------------------------------
[2024-12-27 08:31:27] Data: 13/12/2024 - Empresa: 44 - Erro: DPI-1010: not connected
--------------------------------------------------------------------------------
[2024-12-27 08:31:27] Data: 17/12/2024 - Empresa: 44 - Erro: DPI-1010: not connected
--------------------------------------------------------------------------------
[2024-12-27 08:31:28] Data: 20/12/2024 - Empresa: 44 - Erro: DPI-1010: not connected
--------------------------------------------------------------------------------
[2024-12-27 08:31:28] Data: 24/12/2024 - Empresa: 44 - Erro: DPI-1010: not connected
--------------------------------------------------------------------------------
[2024-12-27 08:31:28] Data: 27/12/2024 - Empresa: 44 - Erro: DPI-1010: not connected
--------------------------------------------------------------------------------
[2024-12-27 08:32:27] Data: 08/12/2024 - Empresa: 33 - Erro: DPI-1010: not connected
--------------------------------------------------------------------------------
[2024-12-27 08:32:27] Data: 11/12/2024 - Empresa: 33 - Erro: DPI-1010: not connected
--------------------------------------------------------------------------------
[2024-12-27 08:32:27] Data: 15/12/2024 - Empresa: 33 - Erro: DPI-1010: not connected
--------------------------------------------------------------------------------
[2024-12-27 08:32:28] Data: 19/12/2024 - Empresa: 33 - Erro: DPI-1010: not connected
--------------------------------------------------------------------------------
[2024-12-27 08:32:28] Data: 23/12/2024 - Empresa: 33 - Erro: DPI-1010: not connected
--------------------------------------------------------------------------------
[2024-12-27 08:32:28] Data: 27/12/2024 - Empresa: 33 - Erro: DPI-1010: not connected
--------------------------------------------------------------------------------
[2024-12-27 08:33:12] Data: 14/12/2024 - Empresa: 31 - Erro: DPI-1010: not connected
--------------------------------------------------------------------------------
[2024-12-27 08:33:12] Data: 18/12/2024 - Empresa: 31 - Erro: DPI-1010: not connected
--------------------------------------------------------------------------------
[2024-12-27 08:33:12] Data: 24/12/2024 - Empresa: 31 - Erro: DPI-1010: not connected
--------------------------------------------------------------------------------
[2024-12-27 08:33:13] Data: 25/12/2024 - Empresa: 31 - Erro: DPI-1010: not connected
--------------------------------------------------------------------------------
[2024-12-27 08:33:48] Data: 23/12/2024 - Empresa: 49 - Erro: DPI-1010: not connected
--------------------------------------------------------------------------------
[2024-12-27 08:33:55] Data: 25/12/2024 - Empresa: 4 - Erro: DPI-1010: not connected
--------------------------------------------------------------------------------
[2024-12-27 08:34:00] Data: 16/12/2024 - Empresa: 44 - Erro: DPI-1010: not connected
--------------------------------------------------------------------------------
[2024-12-27 08:34:01] Data: 21/12/2024 - Empresa: 44 - Erro: DPI-1010: not connected
--------------------------------------------------------------------------------
[2024-12-27 08:34:01] Data: 25/12/2024 - Empresa: 44 - Erro: DPI-1010: not connected
--------------------------------------------------------------------------------
[2024-12-27 08:34:21] Data: 10/12/2024 - Empresa: 33 - Erro: DPI-1010: not connected
--------------------------------------------------------------------------------
[2024-12-27 08:34:21] Data: 16/12/2024 - Empresa: 33 - Erro: DPI-1010: not connected
--------------------------------------------------------------------------------
[2024-12-27 08:34:21] Data: 20/12/2024 - Empresa: 33 - Erro: DPI-1010: not connected
--------------------------------------------------------------------------------
[2024-12-27 08:34:23] Data: 16/12/2024 - Empresa: 45 - Erro: DPI-1010: not connected
--------------------------------------------------------------------------------
[2024-12-27 08:34:23] Data: 23/12/2024 - Empresa: 45 - Erro: DPI-1010: not connected
--------------------------------------------------------------------------------
[2024-12-27 08:34:23] Data: 26/12/2024 - Empresa: 45 - Erro: DPI-1010: not connected
--------------------------------------------------------------------------------
[2024-12-27 08:37:35] Data: 26/12/2024 - Empresa: 46 - Erro: DPI-1010: not connected
--------------------------------------------------------------------------------
[2024-12-27 08:37:36] Data: 19/12/2024 - Empresa: 32 - Erro: DPI-1010: not connected
--------------------------------------------------------------------------------
[2024-12-27 08:37:36] Data: 26/12/2024 - Empresa: 32 - Erro: DPI-1010: not connected
--------------------------------------------------------------------------------
[2024-12-27 08:37:37] Data: 22/12/2024 - Empresa: 45 - Erro: DPI-1010: not connected
--------------------------------------------------------------------------------
[2024-12-27 08:38:51] Data: 18/12/2024 - Empresa: 27 - Erro: DPI-1010: not connected
--------------------------------------------------------------------------------
[2024-12-27 08:43:43] Data: 15/12/2024 - Empresa: 17 - Erro: DPI-1010: not connected
--------------------------------------------------------------------------------
[2024-12-27 09:01:39] Data: 17/12/2024 - Empresa: 44 - Erro: ORA-29285: erro de gravação em arquivo
ORA-06512: em "SYS.UTL_FILE", line 77
ORA-06512: em "SYS.UTL_FILE", line 690
ORA-06512: em "CONSINCO.ESP_PKG_EDI_REDEBRASIL", line 569
ORA-06512: em "CONSINCO.ESP_PKG_EDI_REDEBRASIL", line 569
ORA-06512: em line 1
--------------------------------------------------------------------------------
[2024-12-27 09:06:44] Data: 12/12/2024 - Empresa: 27 - Erro: ORA-29285: erro de gravação em arquivo
ORA-06512: em "SYS.UTL_FILE", line 77
ORA-06512: em "SYS.UTL_FILE", line 690
ORA-06512: em "CONSINCO.ESP_PKG_EDI_REDEBRASIL", line 569
ORA-06512: em "CONSINCO.ESP_PKG_EDI_REDEBRASIL", line 569
ORA-06512: em line 1
--------------------------------------------------------------------------------
[2025-01-14 07:42:41] Data: 22/02/2024 - Empresa: 37 - Erro: ORA-00060: conflito detectado ao aguardar recurso
ORA-06512: em "CONSINCO.ESP_PKG_EDI_REDEBRASIL", line 367
ORA-06512: em "CONSINCO.ESP_PKG_EDI_REDEBRASIL", line 367
ORA-06512: em "CONSINCO.ESP_PKG_EDI_REDEBRASIL", line 495
ORA-06512: em "CONSINCO.ESP_PKG_EDI_REDEBRASIL", line 495
ORA-06512: em line 1
--------------------------------------------------------------------------------
[2025-01-14 08:18:08] Data: 04/08/2024 - Empresa: 29 - Erro: DPI-1080: connection was closed by ORA-28
--------------------------------------------------------------------------------
[2025-01-14 08:18:18] Data: 04/08/2024 - Empresa: 42 - Erro: DPI-1080: connection was closed by ORA-28
--------------------------------------------------------------------------------
[2025-01-14 08:18:59] Data: 05/08/2024 - Empresa: 50 - Erro: DPI-1010: not connected
--------------------------------------------------------------------------------
[2025-01-14 08:18:59] Data: 06/08/2024 - Empresa: 50 - Erro: DPI-1010: not connected
--------------------------------------------------------------------------------
[2025-01-14 08:18:59] Data: 07/08/2024 - Empresa: 50 - Erro: DPI-1010: not connected
--------------------------------------------------------------------------------
[2025-01-14 08:18:59] Data: 08/08/2024 - Empresa: 50 - Erro: DPI-1010: not connected
--------------------------------------------------------------------------------
[2025-01-14 08:18:59] Data: 09/08/2024 - Empresa: 50 - Erro: DPI-1010: not connected
--------------------------------------------------------------------------------
[2025-01-14 08:18:59] Data: 10/08/2024 - Empresa: 50 - Erro: DPI-1010: not connected
--------------------------------------------------------------------------------
[2025-01-14 08:18:59] Data: 11/08/2024 - Empresa: 50 - Erro: DPI-1010: not connected
--------------------------------------------------------------------------------
[2025-01-14 08:19:13] Data: 05/08/2024 - Empresa: 11 - Erro: DPI-1010: not connected
--------------------------------------------------------------------------------
[2025-01-14 08:19:13] Data: 06/08/2024 - Empresa: 11 - Erro: DPI-1010: not connected
--------------------------------------------------------------------------------
[2025-01-14 08:19:13] Data: 07/08/2024 - Empresa: 11 - Erro: DPI-1010: not connected
--------------------------------------------------------------------------------
[2025-01-14 08:19:13] Data: 08/08/2024 - Empresa: 11 - Erro: DPI-1010: not connected
--------------------------------------------------------------------------------
[2025-01-14 08:19:13] Data: 09/08/2024 - Empresa: 11 - Erro: DPI-1010: not connected
--------------------------------------------------------------------------------
[2025-01-14 08:19:13] Data: 10/08/2024 - Empresa: 11 - Erro: DPI-1010: not connected
--------------------------------------------------------------------------------
[2025-01-14 08:19:13] Data: 11/08/2024 - Empresa: 11 - Erro: DPI-1010: not connected
--------------------------------------------------------------------------------
[2025-01-14 08:19:24] Data: 05/08/2024 - Empresa: 37 - Erro: DPI-1010: not connected
--------------------------------------------------------------------------------
[2025-01-14 08:19:24] Data: 06/08/2024 - Empresa: 37 - Erro: DPI-1010: not connected
--------------------------------------------------------------------------------
[2025-01-14 08:19:24] Data: 07/08/2024 - Empresa: 37 - Erro: DPI-1010: not connected
--------------------------------------------------------------------------------
[2025-01-14 08:19:24] Data: 08/08/2024 - Empresa: 37 - Erro: DPI-1010: not connected
--------------------------------------------------------------------------------
[2025-01-14 08:19:24] Data: 09/08/2024 - Empresa: 37 - Erro: DPI-1010: not connected
--------------------------------------------------------------------------------
[2025-01-14 08:19:24] Data: 10/08/2024 - Empresa: 37 - Erro: DPI-1010: not connected
--------------------------------------------------------------------------------
[2025-01-14 08:19:24] Data: 11/08/2024 - Empresa: 37 - Erro: DPI-1010: not connected
--------------------------------------------------------------------------------
[2025-01-14 08:19:24] Data: 05/08/2024 - Empresa: 45 - Erro: DPI-1010: not connected
--------------------------------------------------------------------------------
[2025-01-14 08:19:24] Data: 06/08/2024 - Empresa: 45 - Erro: DPI-1010: not connected
--------------------------------------------------------------------------------
[2025-01-14 08:19:24] Data: 07/08/2024 - Empresa: 45 - Erro: DPI-1010: not connected
--------------------------------------------------------------------------------
[2025-01-14 08:19:24] Data: 09/08/2024 - Empresa: 45 - Erro: DPI-1010: not connected
--------------------------------------------------------------------------------
[2025-01-14 08:19:24] Data: 10/08/2024 - Empresa: 45 - Erro: DPI-1010: not connected
--------------------------------------------------------------------------------
[2025-01-14 08:19:24] Data: 11/08/2024 - Empresa: 45 - Erro: DPI-1010: not connected
--------------------------------------------------------------------------------
[2025-01-14 08:19:25] Data: 05/08/2024 - Empresa: 5 - Erro: DPI-1010: not connected
--------------------------------------------------------------------------------
[2025-01-14 08:19:25] Data: 06/08/2024 - Empresa: 5 - Erro: DPI-1010: not connected
--------------------------------------------------------------------------------
[2025-01-14 08:19:26] Data: 07/08/2024 - Empresa: 5 - Erro: DPI-1010: not connected
--------------------------------------------------------------------------------
[2025-01-14 08:19:26] Data: 08/08/2024 - Empresa: 5 - Erro: DPI-1010: not connected
--------------------------------------------------------------------------------
[2025-01-14 08:19:26] Data: 09/08/2024 - Empresa: 5 - Erro: DPI-1010: not connected
--------------------------------------------------------------------------------
[2025-01-14 08:19:26] Data: 10/08/2024 - Empresa: 5 - Erro: DPI-1010: not connected
--------------------------------------------------------------------------------
[2025-01-14 08:19:26] Data: 11/08/2024 - Empresa: 5 - Erro: DPI-1010: not connected
--------------------------------------------------------------------------------
[2025-01-14 08:19:27] Data: 05/08/2024 - Empresa: 15 - Erro: DPI-1010: not connected
--------------------------------------------------------------------------------
[2025-01-14 08:19:27] Data: 06/08/2024 - Empresa: 15 - Erro: DPI-1010: not connected
--------------------------------------------------------------------------------
[2025-01-14 08:19:27] Data: 07/08/2024 - Empresa: 15 - Erro: DPI-1010: not connected
--------------------------------------------------------------------------------
[2025-01-14 08:19:27] Data: 08/08/2024 - Empresa: 15 - Erro: DPI-1010: not connected
--------------------------------------------------------------------------------
[2025-01-14 08:19:27] Data: 10/08/2024 - Empresa: 15 - Erro: DPI-1010: not connected
--------------------------------------------------------------------------------
[2025-01-14 08:19:27] Data: 11/08/2024 - Empresa: 15 - Erro: DPI-1010: not connected
--------------------------------------------------------------------------------
[2025-01-14 08:19:27] Data: 05/08/2024 - Empresa: 16 - Erro: DPI-1010: not connected
--------------------------------------------------------------------------------
[2025-01-14 08:19:27] Data: 06/08/2024 - Empresa: 16 - Erro: DPI-1010: not connected
--------------------------------------------------------------------------------
[2025-01-14 08:19:27] Data: 07/08/2024 - Empresa: 16 - Erro: DPI-1010: not connected
--------------------------------------------------------------------------------
[2025-01-14 08:19:27] Data: 09/08/2024 - Empresa: 16 - Erro: DPI-1010: not connected
--------------------------------------------------------------------------------
[2025-01-14 08:19:27] Data: 10/08/2024 - Empresa: 16 - Erro: DPI-1010: not connected
--------------------------------------------------------------------------------
[2025-01-14 08:19:27] Data: 11/08/2024 - Empresa: 16 - Erro: DPI-1010: not connected
--------------------------------------------------------------------------------
[2025-01-14 08:19:38] Data: 05/08/2024 - Empresa: 27 - Erro: DPI-1010: not connected
--------------------------------------------------------------------------------
[2025-01-14 08:19:38] Data: 07/08/2024 - Empresa: 27 - Erro: DPI-1010: not connected
--------------------------------------------------------------------------------
[2025-01-14 08:19:38] Data: 08/08/2024 - Empresa: 27 - Erro: DPI-1010: not connected
--------------------------------------------------------------------------------
[2025-01-14 08:19:38] Data: 09/08/2024 - Empresa: 27 - Erro: DPI-1010: not connected
--------------------------------------------------------------------------------
[2025-01-14 08:19:38] Data: 10/08/2024 - Empresa: 27 - Erro: DPI-1010: not connected
--------------------------------------------------------------------------------
[2025-01-14 08:19:38] Data: 11/08/2024 - Empresa: 27 - Erro: DPI-1010: not connected
--------------------------------------------------------------------------------
[2025-01-14 08:19:49] Data: 06/08/2024 - Empresa: 27 - Erro: DPI-1010: not connected
--------------------------------------------------------------------------------
[2025-01-14 08:19:49] Data: 06/08/2024 - Empresa: 4 - Erro: DPI-1010: not connected
--------------------------------------------------------------------------------
[2025-01-14 08:19:49] Data: 07/08/2024 - Empresa: 4 - Erro: DPI-1010: not connected
--------------------------------------------------------------------------------
[2025-01-14 08:19:49] Data: 08/08/2024 - Empresa: 4 - Erro: DPI-1010: not connected
--------------------------------------------------------------------------------
[2025-01-14 08:19:49] Data: 09/08/2024 - Empresa: 4 - Erro: DPI-1010: not connected
--------------------------------------------------------------------------------
[2025-01-14 08:19:49] Data: 10/08/2024 - Empresa: 4 - Erro: DPI-1010: not connected
--------------------------------------------------------------------------------
[2025-01-14 08:19:49] Data: 11/08/2024 - Empresa: 4 - Erro: DPI-1010: not connected
--------------------------------------------------------------------------------
[2025-01-14 08:19:59] Data: 05/08/2024 - Empresa: 1 - Erro: DPI-1010: not connected
--------------------------------------------------------------------------------
[2025-01-14 08:19:59] Data: 06/08/2024 - Empresa: 1 - Erro: DPI-1010: not connected
--------------------------------------------------------------------------------
[2025-01-14 08:19:59] Data: 07/08/2024 - Empresa: 1 - Erro: DPI-1010: not connected
--------------------------------------------------------------------------------
[2025-01-14 08:19:59] Data: 08/08/2024 - Empresa: 1 - Erro: DPI-1010: not connected
--------------------------------------------------------------------------------
[2025-01-14 08:19:59] Data: 09/08/2024 - Empresa: 1 - Erro: DPI-1010: not connected
--------------------------------------------------------------------------------
[2025-01-14 08:19:59] Data: 11/08/2024 - Empresa: 1 - Erro: DPI-1010: not connected
--------------------------------------------------------------------------------
[2025-01-14 08:20:05] Data: 07/08/2024 - Empresa: 41 - Erro: DPI-1010: not connected
--------------------------------------------------------------------------------
[2025-01-14 08:20:05] Data: 08/08/2024 - Empresa: 41 - Erro: DPI-1010: not connected
--------------------------------------------------------------------------------
[2025-01-14 08:20:05] Data: 09/08/2024 - Empresa: 41 - Erro: DPI-1010: not connected
--------------------------------------------------------------------------------
[2025-01-14 08:20:05] Data: 10/08/2024 - Empresa: 41 - Erro: DPI-1010: not connected
--------------------------------------------------------------------------------
[2025-01-14 08:20:05] Data: 11/08/2024 - Empresa: 41 - Erro: DPI-1010: not connected
--------------------------------------------------------------------------------
[2025-01-14 08:20:09] Data: 06/08/2024 - Empresa: 32 - Erro: DPI-1010: not connected
--------------------------------------------------------------------------------
[2025-01-14 08:20:09] Data: 07/08/2024 - Empresa: 32 - Erro: DPI-1010: not connected
--------------------------------------------------------------------------------
[2025-01-14 08:20:09] Data: 09/08/2024 - Empresa: 32 - Erro: DPI-1010: not connected
--------------------------------------------------------------------------------
[2025-01-14 08:20:09] Data: 11/08/2024 - Empresa: 32 - Erro: DPI-1010: not connected
--------------------------------------------------------------------------------
[2025-01-14 08:20:33] Data: 07/08/2024 - Empresa: 44 - Erro: DPI-1010: not connected
--------------------------------------------------------------------------------
[2025-01-14 08:20:33] Data: 08/08/2024 - Empresa: 44 - Erro: DPI-1010: not connected
--------------------------------------------------------------------------------
[2025-01-14 08:20:33] Data: 09/08/2024 - Empresa: 44 - Erro: DPI-1010: not connected
--------------------------------------------------------------------------------
[2025-01-14 08:20:33] Data: 10/08/2024 - Empresa: 44 - Erro: DPI-1010: not connected
--------------------------------------------------------------------------------
[2025-01-14 08:20:38] Data: 11/08/2024 - Empresa: 44 - Erro: DPI-1010: not connected
--------------------------------------------------------------------------------
[2025-01-14 08:21:00] Data: 07/08/2024 - Empresa: 2 - Erro: DPI-1010: not connected
--------------------------------------------------------------------------------
[2025-01-14 08:21:00] Data: 08/08/2024 - Empresa: 2 - Erro: DPI-1010: not connected
--------------------------------------------------------------------------------
[2025-01-14 08:21:00] Data: 09/08/2024 - Empresa: 2 - Erro: DPI-1010: not connected
--------------------------------------------------------------------------------
[2025-01-14 08:21:00] Data: 10/08/2024 - Empresa: 2 - Erro: DPI-1010: not connected
--------------------------------------------------------------------------------
[2025-01-14 08:21:00] Data: 11/08/2024 - Empresa: 2 - Erro: DPI-1010: not connected
--------------------------------------------------------------------------------
[2025-01-14 08:21:17] Data: 08/08/2024 - Empresa: 29 - Erro: DPI-1010: not connected
--------------------------------------------------------------------------------
[2025-01-14 08:21:17] Data: 09/08/2024 - Empresa: 29 - Erro: DPI-1010: not connected
--------------------------------------------------------------------------------
[2025-01-14 08:21:17] Data: 10/08/2024 - Empresa: 29 - Erro: DPI-1010: not connected
--------------------------------------------------------------------------------
[2025-01-14 08:21:17] Data: 11/08/2024 - Empresa: 29 - Erro: DPI-1010: not connected
--------------------------------------------------------------------------------
[2025-01-14 08:21:37] Data: 10/08/2024 - Empresa: 49 - Erro: DPI-1010: not connected
--------------------------------------------------------------------------------
[2025-01-14 08:21:37] Data: 11/08/2024 - Empresa: 49 - Erro: DPI-1010: not connected
--------------------------------------------------------------------------------
[2025-01-14 08:21:48] Data: 10/08/2024 - Empresa: 40 - Erro: DPI-1010: not connected
--------------------------------------------------------------------------------
[2025-01-14 08:21:48] Data: 11/08/2024 - Empresa: 40 - Erro: DPI-1010: not connected
--------------------------------------------------------------------------------
[2025-01-14 08:21:52] Data: 09/08/2024 - Empresa: 9 - Erro: DPI-1010: not connected
--------------------------------------------------------------------------------
[2025-01-14 08:21:52] Data: 10/08/2024 - Empresa: 9 - Erro: DPI-1010: not connected
--------------------------------------------------------------------------------
[2025-01-14 08:21:52] Data: 11/08/2024 - Empresa: 9 - Erro: DPI-1010: not connected
--------------------------------------------------------------------------------
[2025-01-14 08:23:08] Data: 10/08/2024 - Empresa: 33 - Erro: DPI-1010: not connected
--------------------------------------------------------------------------------
[2025-01-14 08:23:08] Data: 11/08/2024 - Empresa: 33 - Erro: DPI-1010: not connected
--------------------------------------------------------------------------------
[2025-01-14 08:26:30] Data: 04/08/2024 - Empresa: 17 - Erro: DPI-1080: connection was closed by ORA-28
--------------------------------------------------------------------------------
[2025-01-14 08:26:41] Data: 04/08/2024 - Empresa: 31 - Erro: DPI-1080: connection was closed by ORA-28
--------------------------------------------------------------------------------
[2025-01-14 08:27:03] Data: 05/08/2024 - Empresa: 31 - Erro: DPI-1010: not connected
--------------------------------------------------------------------------------
[2025-01-14 08:27:03] Data: 06/08/2024 - Empresa: 31 - Erro: DPI-1010: not connected
--------------------------------------------------------------------------------
[2025-01-14 08:27:04] Data: 07/08/2024 - Empresa: 31 - Erro: DPI-1010: not connected
--------------------------------------------------------------------------------
[2025-01-14 08:27:04] Data: 08/08/2024 - Empresa: 31 - Erro: DPI-1010: not connected
--------------------------------------------------------------------------------
[2025-01-14 08:27:04] Data: 09/08/2024 - Empresa: 31 - Erro: DPI-1010: not connected
--------------------------------------------------------------------------------
[2025-01-14 08:27:04] Data: 10/08/2024 - Empresa: 31 - Erro: DPI-1010: not connected
--------------------------------------------------------------------------------
[2025-01-14 08:27:04] Data: 11/08/2024 - Empresa: 31 - Erro: DPI-1010: not connected
--------------------------------------------------------------------------------
[2025-01-14 08:27:05] Data: 05/08/2024 - Empresa: 1 - Erro: DPI-1010: not connected
--------------------------------------------------------------------------------
[2025-01-14 08:27:05] Data: 06/08/2024 - Empresa: 1 - Erro: DPI-1010: not connected
--------------------------------------------------------------------------------
[2025-01-14 08:27:05] Data: 07/08/2024 - Empresa: 1 - Erro: DPI-1010: not connected
--------------------------------------------------------------------------------
[2025-01-14 08:27:05] Data: 09/08/2024 - Empresa: 1 - Erro: DPI-1010: not connected
--------------------------------------------------------------------------------
[2025-01-14 08:27:05] Data: 10/08/2024 - Empresa: 1 - Erro: DPI-1010: not connected
--------------------------------------------------------------------------------
[2025-01-14 08:27:05] Data: 05/08/2024 - Empresa: 32 - Erro: DPI-1010: not connected
--------------------------------------------------------------------------------
[2025-01-14 08:27:05] Data: 07/08/2024 - Empresa: 32 - Erro: DPI-1010: not connected
--------------------------------------------------------------------------------
[2025-01-14 08:27:05] Data: 09/08/2024 - Empresa: 32 - Erro: DPI-1010: not connected
--------------------------------------------------------------------------------
[2025-01-14 08:27:05] Data: 10/08/2024 - Empresa: 32 - Erro: DPI-1010: not connected
--------------------------------------------------------------------------------
[2025-01-14 08:27:05] Data: 11/08/2024 - Empresa: 32 - Erro: DPI-1010: not connected
--------------------------------------------------------------------------------
[2025-01-14 08:27:05] Data: 05/08/2024 - Empresa: 33 - Erro: DPI-1010: not connected
--------------------------------------------------------------------------------
[2025-01-14 08:27:05] Data: 06/08/2024 - Empresa: 33 - Erro: DPI-1010: not connected
--------------------------------------------------------------------------------
[2025-01-14 08:27:05] Data: 07/08/2024 - Empresa: 33 - Erro: DPI-1010: not connected
--------------------------------------------------------------------------------
[2025-01-14 08:27:05] Data: 10/08/2024 - Empresa: 33 - Erro: DPI-1010: not connected
--------------------------------------------------------------------------------
[2025-01-14 08:27:05] Data: 11/08/2024 - Empresa: 33 - Erro: DPI-1010: not connected
--------------------------------------------------------------------------------
[2025-01-14 08:27:05] Data: 05/08/2024 - Empresa: 37 - Erro: DPI-1010: not connected
--------------------------------------------------------------------------------
[2025-01-14 08:27:05] Data: 06/08/2024 - Empresa: 37 - Erro: DPI-1010: not connected
--------------------------------------------------------------------------------
[2025-01-14 08:27:05] Data: 07/08/2024 - Empresa: 37 - Erro: DPI-1010: not connected
--------------------------------------------------------------------------------
[2025-01-14 08:27:05] Data: 08/08/2024 - Empresa: 37 - Erro: DPI-1010: not connected
--------------------------------------------------------------------------------
[2025-01-14 08:27:05] Data: 09/08/2024 - Empresa: 37 - Erro: DPI-1010: not connected
--------------------------------------------------------------------------------
[2025-01-14 08:27:05] Data: 10/08/2024 - Empresa: 37 - Erro: DPI-1010: not connected
--------------------------------------------------------------------------------
[2025-01-14 08:27:05] Data: 11/08/2024 - Empresa: 37 - Erro: DPI-1010: not connected
--------------------------------------------------------------------------------
[2025-01-14 08:27:17] Data: 05/08/2024 - Empresa: 42 - Erro: DPI-1010: not connected
--------------------------------------------------------------------------------
[2025-01-14 08:27:17] Data: 06/08/2024 - Empresa: 42 - Erro: DPI-1010: not connected
--------------------------------------------------------------------------------
[2025-01-14 08:27:17] Data: 07/08/2024 - Empresa: 42 - Erro: DPI-1010: not connected
--------------------------------------------------------------------------------
[2025-01-14 08:27:17] Data: 09/08/2024 - Empresa: 42 - Erro: DPI-1010: not connected
--------------------------------------------------------------------------------
[2025-01-14 08:27:17] Data: 11/08/2024 - Empresa: 42 - Erro: DPI-1010: not connected
--------------------------------------------------------------------------------
[2025-01-14 08:27:17] Data: 06/08/2024 - Empresa: 51 - Erro: DPI-1010: not connected
--------------------------------------------------------------------------------
[2025-01-14 08:27:17] Data: 07/08/2024 - Empresa: 51 - Erro: DPI-1010: not connected
--------------------------------------------------------------------------------
[2025-01-14 08:27:17] Data: 08/08/2024 - Empresa: 51 - Erro: DPI-1010: not connected
--------------------------------------------------------------------------------
[2025-01-14 08:27:17] Data: 09/08/2024 - Empresa: 51 - Erro: DPI-1010: not connected
--------------------------------------------------------------------------------
[2025-01-14 08:27:17] Data: 10/08/2024 - Empresa: 51 - Erro: DPI-1010: not connected
--------------------------------------------------------------------------------
[2025-01-14 08:27:17] Data: 11/08/2024 - Empresa: 51 - Erro: DPI-1010: not connected
--------------------------------------------------------------------------------
[2025-01-14 08:27:17] Data: 08/08/2024 - Empresa: 1 - Erro: DPI-1010: not connected
--------------------------------------------------------------------------------
[2025-01-14 08:27:17] Data: 11/08/2024 - Empresa: 1 - Erro: DPI-1010: not connected
--------------------------------------------------------------------------------
[2025-01-14 08:27:17] Data: 06/08/2024 - Empresa: 32 - Erro: DPI-1010: not connected
--------------------------------------------------------------------------------
[2025-01-14 08:27:17] Data: 08/08/2024 - Empresa: 32 - Erro: DPI-1010: not connected
--------------------------------------------------------------------------------
[2025-01-14 08:27:19] Data: 05/08/2024 - Empresa: 27 - Erro: DPI-1010: not connected
--------------------------------------------------------------------------------
[2025-01-14 08:27:19] Data: 06/08/2024 - Empresa: 27 - Erro: DPI-1010: not connected
--------------------------------------------------------------------------------
[2025-01-14 08:27:19] Data: 08/08/2024 - Empresa: 27 - Erro: DPI-1010: not connected
--------------------------------------------------------------------------------
[2025-01-14 08:27:19] Data: 09/08/2024 - Empresa: 27 - Erro: DPI-1010: not connected
--------------------------------------------------------------------------------
[2025-01-14 08:27:19] Data: 10/08/2024 - Empresa: 27 - Erro: DPI-1010: not connected
--------------------------------------------------------------------------------
[2025-01-14 08:27:19] Data: 11/08/2024 - Empresa: 27 - Erro: DPI-1010: not connected
--------------------------------------------------------------------------------
[2025-01-14 08:27:58] Data: 07/08/2024 - Empresa: 50 - Erro: DPI-1010: not connected
--------------------------------------------------------------------------------
[2025-01-14 08:27:58] Data: 09/08/2024 - Empresa: 50 - Erro: DPI-1010: not connected
--------------------------------------------------------------------------------
[2025-01-14 08:27:58] Data: 10/08/2024 - Empresa: 50 - Erro: DPI-1010: not connected
--------------------------------------------------------------------------------
[2025-01-14 08:27:58] Data: 11/08/2024 - Empresa: 50 - Erro: DPI-1010: not connected
--------------------------------------------------------------------------------
[2025-01-14 08:28:10] Data: 10/08/2024 - Empresa: 42 - Erro: DPI-1010: not connected
--------------------------------------------------------------------------------
[2025-01-14 08:28:21] Data: 09/08/2024 - Empresa: 33 - Erro: DPI-1010: not connected
--------------------------------------------------------------------------------
[2025-01-14 08:28:38] Data: 07/08/2024 - Empresa: 45 - Erro: DPI-1010: not connected
--------------------------------------------------------------------------------
[2025-01-14 08:28:38] Data: 09/08/2024 - Empresa: 45 - Erro: DPI-1010: not connected
--------------------------------------------------------------------------------
[2025-01-14 08:28:38] Data: 11/08/2024 - Empresa: 45 - Erro: DPI-1010: not connected
--------------------------------------------------------------------------------
[2025-01-14 08:29:01] Data: 07/08/2024 - Empresa: 29 - Erro: DPI-1010: not connected
--------------------------------------------------------------------------------
[2025-01-14 08:29:01] Data: 08/08/2024 - Empresa: 29 - Erro: DPI-1010: not connected
--------------------------------------------------------------------------------
[2025-01-14 08:29:01] Data: 09/08/2024 - Empresa: 29 - Erro: DPI-1010: not connected
--------------------------------------------------------------------------------
[2025-01-14 08:29:01] Data: 10/08/2024 - Empresa: 29 - Erro: DPI-1010: not connected
--------------------------------------------------------------------------------
[2025-01-14 08:29:01] Data: 11/08/2024 - Empresa: 29 - Erro: DPI-1010: not connected
--------------------------------------------------------------------------------
[2025-01-14 08:29:03] Data: 08/08/2024 - Empresa: 49 - Erro: DPI-1010: not connected
--------------------------------------------------------------------------------
[2025-01-14 08:29:03] Data: 09/08/2024 - Empresa: 49 - Erro: DPI-1010: not connected
--------------------------------------------------------------------------------
[2025-01-14 08:29:03] Data: 10/08/2024 - Empresa: 49 - Erro: DPI-1010: not connected
--------------------------------------------------------------------------------
[2025-01-14 08:29:03] Data: 11/08/2024 - Empresa: 49 - Erro: DPI-1010: not connected
--------------------------------------------------------------------------------
[2025-01-14 08:29:39] Data: 11/08/2024 - Empresa: 4 - Erro: DPI-1010: not connected
--------------------------------------------------------------------------------
[2025-01-14 08:29:40] Data: 08/08/2024 - Empresa: 44 - Erro: DPI-1010: not connected
--------------------------------------------------------------------------------
[2025-01-14 08:29:40] Data: 09/08/2024 - Empresa: 44 - Erro: DPI-1010: not connected
--------------------------------------------------------------------------------
[2025-01-14 08:29:40] Data: 10/08/2024 - Empresa: 44 - Erro: DPI-1010: not connected
--------------------------------------------------------------------------------
[2025-01-14 08:29:40] Data: 09/08/2024 - Empresa: 46 - Erro: DPI-1010: not connected
--------------------------------------------------------------------------------
[2025-01-14 08:29:40] Data: 10/08/2024 - Empresa: 46 - Erro: DPI-1010: not connected
--------------------------------------------------------------------------------
[2025-01-14 08:30:14] Data: 09/08/2024 - Empresa: 2 - Erro: DPI-1010: not connected
--------------------------------------------------------------------------------
[2025-01-14 08:30:14] Data: 10/08/2024 - Empresa: 2 - Erro: DPI-1010: not connected
--------------------------------------------------------------------------------
[2025-01-14 08:30:27] Data: 10/08/2024 - Empresa: 9 - Erro: DPI-1010: not connected
--------------------------------------------------------------------------------
[2025-01-14 08:30:27] Data: 11/08/2024 - Empresa: 9 - Erro: DPI-1010: not connected
--------------------------------------------------------------------------------
[2025-01-14 08:31:04] Data: 11/08/2024 - Empresa: 15 - Erro: DPI-1010: not connected
--------------------------------------------------------------------------------
[2025-01-14 08:32:14] Data: 10/08/2024 - Empresa: 17 - Erro: DPI-1010: not connected
--------------------------------------------------------------------------------
[2025-01-14 08:32:14] Data: 11/08/2024 - Empresa: 17 - Erro: DPI-1010: not connected
--------------------------------------------------------------------------------
[2025-01-14 08:34:56] Data: 04/08/2024 - Empresa: 44 - Erro: DPI-1080: connection was closed by ORA-28
--------------------------------------------------------------------------------
[2025-01-14 08:34:58] Data: 04/08/2024 - Empresa: 31 - Erro: DPI-1010: not connected
--------------------------------------------------------------------------------
[2025-01-14 08:34:58] Data: 05/08/2024 - Empresa: 31 - Erro: DPI-1010: not connected
--------------------------------------------------------------------------------
[2025-01-14 08:34:58] Data: 06/08/2024 - Empresa: 31 - Erro: DPI-1010: not connected
--------------------------------------------------------------------------------
[2025-01-14 08:34:58] Data: 07/08/2024 - Empresa: 31 - Erro: DPI-1010: not connected
--------------------------------------------------------------------------------
[2025-01-14 08:34:58] Data: 08/08/2024 - Empresa: 31 - Erro: DPI-1010: not connected
--------------------------------------------------------------------------------
[2025-01-14 08:34:58] Data: 09/08/2024 - Empresa: 31 - Erro: DPI-1010: not connected
--------------------------------------------------------------------------------
[2025-01-14 08:34:58] Data: 10/08/2024 - Empresa: 31 - Erro: DPI-1010: not connected
--------------------------------------------------------------------------------
[2025-01-14 08:34:58] Data: 11/08/2024 - Empresa: 31 - Erro: DPI-1010: not connected
--------------------------------------------------------------------------------
[2025-01-14 08:34:58] Data: 04/08/2024 - Empresa: 42 - Erro: DPI-1010: not connected
--------------------------------------------------------------------------------
[2025-01-14 08:34:58] Data: 05/08/2024 - Empresa: 42 - Erro: DPI-1010: not connected
--------------------------------------------------------------------------------
[2025-01-14 08:34:58] Data: 06/08/2024 - Empresa: 42 - Erro: DPI-1010: not connected
--------------------------------------------------------------------------------
[2025-01-14 08:34:58] Data: 07/08/2024 - Empresa: 42 - Erro: DPI-1010: not connected
--------------------------------------------------------------------------------
[2025-01-14 08:34:58] Data: 08/08/2024 - Empresa: 42 - Erro: DPI-1010: not connected
--------------------------------------------------------------------------------
[2025-01-14 08:34:58] Data: 09/08/2024 - Empresa: 42 - Erro: DPI-1010: not connected
--------------------------------------------------------------------------------
[2025-01-14 08:34:58] Data: 10/08/2024 - Empresa: 42 - Erro: DPI-1010: not connected
--------------------------------------------------------------------------------
[2025-01-14 08:34:58] Data: 11/08/2024 - Empresa: 42 - Erro: DPI-1010: not connected
--------------------------------------------------------------------------------
[2025-01-14 08:34:58] Data: 04/08/2024 - Empresa: 51 - Erro: DPI-1010: not connected
--------------------------------------------------------------------------------
[2025-01-14 08:34:58] Data: 05/08/2024 - Empresa: 51 - Erro: DPI-1010: not connected
--------------------------------------------------------------------------------
[2025-01-14 08:34:58] Data: 06/08/2024 - Empresa: 51 - Erro: DPI-1010: not connected
--------------------------------------------------------------------------------
[2025-01-14 08:34:58] Data: 07/08/2024 - Empresa: 51 - Erro: DPI-1010: not connected
--------------------------------------------------------------------------------
[2025-01-14 08:34:59] Data: 08/08/2024 - Empresa: 51 - Erro: DPI-1010: not connected
--------------------------------------------------------------------------------
[2025-01-14 08:34:59] Data: 09/08/2024 - Empresa: 51 - Erro: DPI-1010: not connected
--------------------------------------------------------------------------------
[2025-01-14 08:34:59] Data: 10/08/2024 - Empresa: 51 - Erro: DPI-1010: not connected
--------------------------------------------------------------------------------
[2025-01-14 08:34:59] Data: 11/08/2024 - Empresa: 51 - Erro: DPI-1010: not connected
--------------------------------------------------------------------------------
[2025-01-14 08:35:01] Data: 04/08/2024 - Empresa: 52 - Erro: DPI-1080: connection was closed by ORA-28
--------------------------------------------------------------------------------
[2025-01-14 08:35:07] Data: 05/08/2024 - Empresa: 4 - Erro: DPI-1010: not connected
--------------------------------------------------------------------------------
[2025-01-14 08:35:07] Data: 06/08/2024 - Empresa: 4 - Erro: DPI-1010: not connected
--------------------------------------------------------------------------------
[2025-01-14 08:35:07] Data: 07/08/2024 - Empresa: 4 - Erro: DPI-1010: not connected
--------------------------------------------------------------------------------
[2025-01-14 08:35:07] Data: 08/08/2024 - Empresa: 4 - Erro: DPI-1010: not connected
--------------------------------------------------------------------------------
[2025-01-14 08:35:07] Data: 09/08/2024 - Empresa: 4 - Erro: DPI-1010: not connected
--------------------------------------------------------------------------------
[2025-01-14 08:35:07] Data: 10/08/2024 - Empresa: 4 - Erro: DPI-1010: not connected
--------------------------------------------------------------------------------
[2025-01-14 08:35:07] Data: 11/08/2024 - Empresa: 4 - Erro: DPI-1010: not connected
--------------------------------------------------------------------------------
[2025-01-16 11:21:53] Data: 01/09/2024 - Empresa: 25 - Erro: DPI-1080: connection was closed by ORA-28
--------------------------------------------------------------------------------
